event_id,vix_start,vix_end,vix_pct_change,avg_vix_volatility,pre_days_count,pre_event_return,pre_days_count_right
NVS_20091019,,,,5.465901114485675,20,0.059935677303363244,20
AZN_20171031,10.85,,,1.3021975126339236,21,-0.0032469368810869037,21
WYE_20030604,21.13,31.37,48.46190250828207,4.065823029788296,21,-0.004209986252338038,21
ATHN_20090814,,,,4.3561512428082265,22,0.14156311897011897,22
FOLD_20230928,,,,2.281969982262675,21,0.004677722771016635,21
EPZM_20200618,,,,8.716678629310023,21,0.04106660651986549,21
PTCT_20170209,,10.28,,0.7058522969817064,21,-0.0734772166638894,21
MYL_20090313,29.78,22.46,-24.58025520483546,5.155508240364548,21,0.1408453069281539,21
NVS_20040227,,,,1.390679799850374,21,-0.04710287696190529,21
NVS_20110701,17.4,,,4.826894395826186,22,-0.05285438715534507,22
INCY_20210921,,,,2.7572211077515263,20,0.013483463453602962,20
JNJ_20000303,23.12,22.01,-4.801038062283734,1.5404685050704365,21,-0.128030505799274,21
STE_20230822,,,,1.0988064983275996,21,-0.04019889358904194,21
RMTI_20200327,,,,10.412476877171763,22,-0.2122192784119734,22
BMRN_20050531,,,,0.9674086972156073,20,0.1247875701538681,20
NVS_20091125,,,,3.566253526979369,22,0.06571546573530251,22
VRTX_20180212,,,,3.920432945224541,19,-0.03146939117800962,19
EXEL_20190523,,,,3.498598938910961,22,-0.004854926304811769,22
FOLD_20200526,,,,4.588543277820292,20,-0.010920743350629758,20
CPRX_20181128,,,,3.0654762257202037,21,-0.06727487310813351,21
BAX_20021220,,,,4.203444100586451,21,-0.044686475897619204,21
PFE_20181121,,,,3.0654762257202037,22,-0.014213739802547809,22
XRAY_20031219,,,,2.7666597363569667,21,0.041372558056352204,21
RDHL_20191101,,,,2.1423397680889322,22,-0.050919388252014586,22
LLY_20090522,,,,3.1390204072351833,22,0.0528671208725795,22
MYL_20180816,,,,7.834309600112372,22,0.039011354393018616,22
KG_20070227,,,,3.4357690918056605,20,0.03889672627838414,20
HROW_20230530,22.46,,,2.6080058711881002,20,-0.20293306300429315,20
JNJ_20211220,,,,2.432528951600076,19,0.039640726915651125,19
FENC_20220920,,,,2.187516694229216,20,0.03616495113891105,20
ABBV_20220824,,,,4.61768580086055,22,-0.06364875941558512,22
INCY_20230322,,,,2.8905328275115396,21,-0.06974566556769668,21
AQST_20191122,,,,2.2147638654890622,22,0.9314647672298042,22
BMY_20021021,,,,5.751778308939091,20,-0.0037409381278703524,20
EPZM_20200123,,,,0.7461595988350666,19,0.239553201916902,19
AAPL_20101008,22.14,,,2.015486570084456,22,0.12183369458457016,22
AZN_20211217,,,,2.432528951600076,21,-0.009372077577033067,21
TEVA_20061219,,,,3.253175572626332,20,0.017638892856547184,20
BAX_20191213,,13.94,,1.5803925354389483,21,0.045354890446113405,21
JNJ_20011120,,,,1.8739191828284898,21,0.02841496308846314,21
GSK_20080613,,,,12.610764640139298,21,-0.04783581194936648,21
CEPH_20000925,,,,4.928205091440485,19,-0.00933758306880994,19
XELA_20220720,,,,2.229539134539281,20,-0.06294296310032765,20
EGRX_20180515,,,,8.192808406900056,21,0.23106240887628027,21
MRK_20001208,18.55,20.03,7.978436657681942,3.6152782348276453,21,0.05218097666359656,21
ABBV_20241016,,,,4.71640223051427,11,0.0168377888536293,11
MRK_20171219,,,,1.8413907409858337,20,0.02720535315586381,20
GILD_20190828,,,,2.572472184016134,22,-0.05394546561565783,22
ACAD_20180628,,,,4.6129180139208,22,-0.10288196404964789,22
AVEO_20210310,19.46,16.41,-15.673175745118195,4.500713993871335,21,-0.11354790512839497,21
PFE_20230525,,,,2.6080058711881002,22,-0.021512378148609734,22
PFE_20190503,14.63,15.57,6.425153793574842,2.3555800543595358,21,-0.0442775449015026,21
INSM_20180928,,,,3.617175239115566,21,-0.00974469321370719,21
GILD_20030702,33.35,25.13,-24.647676161919048,3.1244638002930967,22,0.05242785631772806,22
PFE_20021017,,,,5.751778308939091,22,0.05662166616446673,22
VERO_20191220,,,,1.4063208857735854,21,0.4294479002350211,21
ARGX_20230620,,,,1.7448596782768022,19,-0.05357629966240762,19
BMY_20030620,,,,3.1244638002930967,21,0.20984846606654894,21
TAK_20210915,,,,2.504563091338931,21,7.141078313122051e-7,21
PHAT_20240717,,,,4.9448175906185385,20,0.07665287848350344,20
LLY_20180927,,,,3.617175239115566,21,0.011416846486829835,21
JNJ_20071116,,,,2.8086777401637057,22,0.027815429845367223,22
JNJ_20200501,,,,6.415606513919562,21,0.14420901557375942,21
NVS_20200506,25.81,33.61,30.220844633862846,5.721938574177561,21,0.013271705226353125,21
REGN_20111118,,,,5.002777220978117,22,-0.15473548516558133,22
SPRY_20240809,22.64,23.79,5.07950530035335,3.6945059192133094,22,0.013318831332853165,22
SLXP_20070810,26.49,,,3.462395751667717,22,-0.016208908164649483,22
PFE_20060329,,,,1.1236781360959047,22,-0.03868133613508462,22
ACTG_20200226,,,,9.664110131846188,21,-0.06870253294836415,21
AZN_20190502,15.73,,,2.4922111593049077,21,-0.09498641592606871,21
AZN_20171020,,,,1.3021975126339236,22,0.06244449122865614,22
SIGA_20220518,,,,4.984204891823136,22,0.1228355589029364,22
LLY_20161019,,,,1.903268133520067,22,-0.0003787075887128344,22
BMY_20220318,,,,5.229251325465481,21,0.040577406855383025,21
HRTX_20220916,,,,2.19980339918778,21,-0.09310956641712809,21
GENZ_20081215,,54.28,,7.536995195648391,19,-0.05684185695612598,19
AZN_20000808,,,,1.968764796111108,21,-0.038306946486809657,21
PRGO_20220317,,,,4.816461352065255,21,0.030773451343011793,21
XEL_20170705,,11.45,,0.6697527712816278,21,-0.049700696170227654,21
BMY_20040519,,,,0.5032782538552294,22,0.02692882616176906,22
ALC_20071129,,,,2.8086777401637057,21,-0.21590929028575612,21
ESPR_20200221,,,,9.664110131846188,21,0.21576225336861632,21
PDLI_20080118,,,,4.747578153188704,20,-0.08448941706146362,20
INCY_20111116,,,,5.303650830781324,22,-0.1446022277169794,22
GILD_20201022,,,,4.498054641449413,22,-0.06229706435251381,22
GSK_20110610,,37.0,,6.217547387021687,21,-0.01400419228117511,21
REGN_20230818,,,,1.0988064983275996,22,0.09659217934213138,22
JNJ_20221025,,,,3.9493108165312503,21,0.025551213175234233,21
BLCO_20240419,,,,2.8653307865752145,21,-0.09424396005089875,21
AZN_20231221,,,,1.535369124086643,21,0.031195678362897494,21
SIGA_20180713,,23.23,,4.669066922297976,21,-0.11110936427494156,21
PFE_20220114,,,,5.384832869600874,21,-1.6464041991959277e-6,21
VRCA_20230721,,,,1.8640887349836364,21,0.19467326527472228,21
XERS_20211230,,,,2.432528951600076,21,0.23039151652814205,21
PRTK_20181002,21.77,9.82,-54.89205328433624,3.617175239115566,20,-0.05073220798970812,20
PDLI_20070305,13.08,,,3.4357690918056605,19,-0.10970283901385225,19
PHAT_20231101,20.53,,,2.562691750644561,22,-0.10318040242509052,22
PFE_20171011,10.5,10.08,-3.9999999999999996,1.1442568071752177,22,0.06744804981189256,22
JAZZ_20080228,,,,8.240897636647752,21,-0.14355765717382651,21
MRK_20040901,,,,0.6761045992861318,22,-0.0083795681791623,22
SNY_20210716,,,,2.8872982576293893,21,-0.04451136482012985,21
NVS_20170313,,9.51,,0.7965449474516542,19,0.04164027936111325,19
EVFM_20200522,,,,4.588543277820292,22,-0.1250010436255483,22
PFE_20230522,,,,2.6080058711881002,20,-0.0755749822798708,20
PFE_20191115,,,,2.280143673129062,22,0.011136149261459893,22
IMCL_20040212,,16.18,,1.158030038516083,21,0.05379092928325013,21
SERV_20240806,27.85,13.0,-53.3213644524237,5.039047422396886,21,4.604946997716,21
JNJ_20070427,,,,3.8314050399304302,21,0.07013184778750703,21
TEVA_20050520,,,,0.9674086972156073,22,0.03458747047266231,22
JAZZ_20080414,,47.73,,3.146566747283912,19,-0.14678906525133595,19
AZN_20061020,,,,0.4856110430112583,22,0.061255029008117745,22
JNJ_20010622,,,,4.629740461946168,21,0.07111320296247547,21
NVS_20010216,,,,2.869368950288371,22,0.007345060030310879,22
MRK_20090227,,,,5.668936115161331,21,-0.08212958986370911,21
HZNP_20200121,,,,0.7461595988350666,18,0.05843268034026172,18
SRPT_20210225,,,,3.9423444649047514,21,-0.12298275032993278,21
TEVA_20000915,,,,4.928205091440485,21,-0.023993195561785585,21
CPRX_20160429,,,,4.792335331022579,22,-0.4331249996902389,22
PFE_20011116,,,,1.8739191828284898,22,0.040403633646922454,22
LLY_20211217,,,,2.432528951600076,21,0.08272743969624385,21
TEVA_20041029,,,,2.452723693140183,22,-0.004981304392148722,22
DNA_20060630,,,,2.0452403013563005,22,-0.02423252831568412,22
IMCR_20220125,,,,5.1521517924174365,20,-0.38967158295828686,20
NBIX_20170411,,9.63,,0.9041105877380117,21,-0.12956348013014884,21
RIGL_20200904,27.98,54.46,94.63902787705504,8.638204714714728,22,-0.0569112459747928,22
ALNY_20191120,,,,2.2147638654890622,22,0.15510772036681453,22
ABBV_20160603,15.42,,,2.2587367699335035,21,0.05374840326808128,21
TGTX_20221228,,,,5.424710668473637,21,-0.035759189711463746,21
ABBV_20190423,,,,2.4922111593049077,20,-0.0072076656370521075,20
AAPL_20060519,,,,0.49914732578635224,22,-0.045909491402714164,22
RDUS_20170428,,,,1.105820470446712,21,0.0038900643563037907,21
PFE_20200610,27.58,,,8.479561497513648,21,-0.02713575722317252,21
BMY_20001031,23.07,,,2.8551172225636394,21,0.0692502093959051,21
TEVA_20160929,,,,5.583292681541581,21,-0.04078755968797354,21
EXEL_20220629,,,,2.4142219562038965,20,0.1380438864462299,20
AQST_20220830,,,,4.61768580086055,21,0.654497085716379,21
AZN_20170817,,,,0.7493278066945136,22,-0.11247671990053876,22
PFE_20171213,,9.92,,2.0681704479227654,21,0.039797367092184066,21
SLXP_20040525,,,,0.5032782538552294,21,0.04353442590294354,21
LNTH_20210526,,,,3.322977929783966,22,-0.09070459361731464,22
CCXI_20211007,16.18,16.1,-0.4944375772558609,2.874398802919582,22,0.1677115955981512,22
AZPN_20040510,,,,0.49830533241503566,20,-0.3229747534932631,20
LLY_20200615,,,,9.92775536269407,19,-0.09853816168485852,19
SNTS_20091204,,41.18,,3.707862087381667,21,0.49848959600294074,21
NVS_20000816,,,,2.4729451893676644,22,-0.020602420220196205,22
AZN_20010213,,,,2.76565995571268,20,-0.03957443587222387,20
UTHR_20020521,,,,6.711079445681927,21,0.06555487947570904,21
ABBV_20190816,,,,2.572472184016134,22,-0.08936020416096613,22
PGNX_20180730,27.73,,,4.970432612446372,19,-0.04726374457588223,19
TEVA_20231129,,,,1.3799205526107732,21,0.2068978342169363,21
PFE_20200227,,,,9.664110131846188,21,-0.12659619948151646,21
PFE_20181102,,9.88,,4.502672866747833,22,-0.012436660828771817,22
TGTX_20210205,17.9,,,4.312533338672862,21,-0.04843195810156997,21
GILD_20070615,,,,3.270839621106375,21,-0.01466250331371155,21
OGN_20211207,16.06,,,2.288076914368856,20,-0.18487878526173007,20
NVS_20231006,13.83,16.94,22.487346348517722,2.4615697953543103,22,0.03428955266883649,22
MYL_20180209,12.0,12.19,1.5833333333333293,3.8246298285693734,21,-0.1137960672011461,21
EBS_20210604,19.15,,,3.141728824380812,21,0.04297835878965284,21
ARDX_20231017,,,,2.562691750644561,21,-0.23736428831750778,21
MRK_20180222,,,,3.225700532708759,21,-0.10938834576467515,21
MRNS_20220318,,,,5.229251325465481,21,-0.2841693646680292,21
PFE_20021226,,,,4.203444100586451,20,-0.00727773970547696,20
AQST_20240426,,,,2.8653307865752145,21,-0.03201995656890355,21
SGP_20020208,,28.96,,4.227785502274544,21,-0.0836268798904608,21
PFE_20241011,,,,4.028557543823603,14,-0.02689986762355767,14
AMLX_20220929,,,,2.187516694229216,21,0.14627369339850982,21
NVS_20071029,11.47,,,5.336626880550004,20,-0.05131094608115272,20
SNY_20040416,,,,0.6449674486499031,21,-0.047395745424827274,21
SGP_20040901,,,,0.6761045992861318,22,-0.04848391976462374,22
GTHX_20210212,,16.03,,4.376819779860613,21,0.6327648354669957,21
MRK_20040326,,,,1.2773123387894039,22,-0.0921006874466791,22
TNXP_20160128,13.1,,,2.0575494979422557,17,-0.3572366280984829,17
PFE_20020611,,,,3.4614665797576607,20,-0.02054168806390999,20
HSP_20060915,,,,3.02007900371239,21,0.05000102437654386,21
MRK_20160128,13.1,,,2.0575494979422557,17,-0.04638339599643826,17
AZN_20170227,,,,0.786655186681255,19,0.120769301515673,19
PCRX_20111028,,,,4.5997060869542,22,0.013630792158903837,22
CEPH_20060925,,,,3.02007900371239,19,-0.005022350111766105,19
AZN_20080227,,,,8.240897636647752,21,-0.034366288142545276,21
NVS_20090617,,,,4.832794839647185,21,0.04307759028430369,21
AZN_20230717,,,,1.953610430398946,18,-0.10422843952228678,18
GILD_20120118,,,,,9,0.1014542114830439,9
MYL_20180228,,,,3.225700532708759,21,-0.11017303643483034,21
MMM_20010607,,20.39,,4.652450311663603,21,0.03623030746117184,21
PRGO_20090518,,,,3.1390204072351833,20,0.08938231403996766,20
SWTX_20231127,,,,1.3799205526107732,19,0.006478432793699529,19
CBST_20030912,,,,3.347887138304656,21,0.0327116118208397,21
RETA_20230228,,,,1.8089232081108626,20,-0.2890048701276031,20
GILD_20020920,,,,6.666434979825501,21,-0.06107424587349597,21
NOVN_20220322,,,,5.229251325465481,20,-0.08142691175738626,20
MRK_20010126,,,,3.815821279131683,20,-0.11665443955048105,20
MMM_20060929,,,,3.02007900371239,21,0.04175345002278119,21
TEVA_20230511,,18.49,,2.6077000042585348,22,-0.1126476911310812,22
IMMU_20200422,,,,6.415606513919562,21,1.0204670259321844,21
BMY_20091105,28.46,,,4.502828539326865,22,-0.0008999736657103741,22
AMGN_20240516,,,,6.7288132520635875,22,0.2016116185014456,22
NVS_20100826,,,,5.279585195014721,22,0.027641172955875648,22
SERV_20180720,,,,4.970432612446372,21,-0.05629143558745786,21
PFE_20190627,,,,0.7397940859227431,22,0.024792941476975416,22
MYL_20011207,24.01,20.7,-13.785922532278224,2.467290538934248,21,-0.021323763535490925,21
MYL_20070511,,16.91,,3.9566725181243214,22,0.013300426316398717,22
GKOS_20231213,,,,1.4973595813309977,20,0.034522051100136064,20
JNJ_20110428,,,,2.2483237210971914,21,0.10685352907618029,21
ACRS_20171214,,,,1.8399098201412358,21,0.12606565793708957,21
INSM_20051212,,11.65,,2.5465691256759957,19,0.2268885194815955,19
AUPH_20210122,,,,5.132572698207989,19,0.12435330649938248,19
AMGN_20210528,,,,3.322977929783966,22,-0.07122817309001461,22
ALC_20000223,,,,1.5389518637164399,21,-0.018041156975885264,21
ABBV_20180216,,,,3.4439742261754813,22,0.1210862360635876,22
XELA_20211028,,,,1.5203297030881509,22,-0.1787438387307243,22
JNJ_20230811,13.06,,,1.1575525687412669,22,0.08535359665392783,22
PFE_20231012,,14.17,,2.1596607804948538,22,-0.0244557108560427,22
NVO_20000411,,21.54,,2.4715765778707213,21,0.0636037328030179,21
MYL_20180604,14.97,,,4.787243413583106,19,0.07948689929415909,19
MYL_20180710,19.91,14.88,-25.26368658965344,5.182539275314723,20,-0.10275705729883267,20
PCRX_20171006,10.7,10.21,-4.579439252336434,0.7849048124882826,22,0.0013555022453486387,22
BHC_20190425,,,,2.4922111593049077,21,-0.0468096942047419,21
ALNY_20180810,16.36,,,7.70852347305509,22,-0.10006577332625777,22
BMY_20110615,,,,5.643602728096625,21,-0.03887497508533866,21
AZN_20171114,,,,2.033566838396625,21,-0.04911951820006211,21
RDY_20031031,24.32,,,4.44473949126691,22,0.13304855656509917,22
RDY_20191004,14.28,,,2.428040023703775,22,0.07201687574823379,22
BIIB_20161223,,,,3.381182256440335,21,-0.11014968296278593,21
NVS_20091026,,,,5.465901114485675,20,0.062015535447775605,20
RDY_20191021,,,,2.1423397680889322,20,-0.010225814097756136,20
MYL_20170802,11.45,,,0.5172875567715111,21,-0.005926255700865801,21
CHRS_20211217,,,,2.432528951600076,21,-0.12375124284146588,21
DNA_20000602,,25.73,,2.7242680453981096,21,-0.13844453217355124,21
GBT_20191125,,,,2.2147638654890622,20,0.12235123767566525,20
WYE_20070522,,,,4.179932111765766,21,0.05100086600445519,21
HSP_20110804,,19.82,,3.29160884569529,22,-0.12538356208693302,22
BAX_20171221,,,,1.8413907409858337,21,0.024566696010013045,21
TNXP_20190125,,,,2.6580510461265483,20,0.03825157164554849,20
JAZZ_20160330,,,,4.04205079719215,21,-0.03240160148964322,21
SLXP_20040615,,,,1.1884877522386685,18,-0.15523763567601756,18
SMMT_20240419,,,,2.8653307865752145,21,-0.03305811258065894,21
SNY_20081218,,,,9.272782679630284,21,0.12247923575154873,21
SGP_20030729,,,,4.294688034330267,20,-0.09114905209590529,20
EBS_20080123,,,,4.747578153188704,19,0.40824697474830285,19
TEVA_20200821,,,,6.012740770636562,22,-0.18919027540028177,22
DAWN_20240423,,,,2.8653307865752145,20,-0.010934548689267687,20
NVS_20190326,,,,4.830355378358123,21,0.06050483169143073,21
APLS_20210514,,,,3.312318335342067,22,0.08049381519378862,22
NVS_20170428,,,,1.105820470446712,21,0.02980264667233601,21
SNY_20090701,38.56,,,4.832794839647185,22,-0.06942329028642225,22
AZN_20050331,14.08,,,0.8053954819241457,21,-0.009310326552941506,21
TEVA_20060217,,,,1.1163441153193583,22,-0.03320823546919638,22
NVS_20211222,,,,2.432528951600076,21,0.05302544226566264,21
APG_20210325,,,,5.327466650183773,22,-0.01970946888623515,22
RIGL_20180417,,,,3.4026305389420854,20,-0.08801911400145868,20
TEVA_20170403,,,,0.7273049820130089,20,-0.0752127074144503,20
MYOV_20210526,,,,3.322977929783966,22,0.14293101320899626,22
AMGN_20240528,,,,7.070429063753846,20,0.14092529268224419,20
LLY_20200528,,,,4.588543277820292,21,-0.09243868714339831,21
ARRY_20180627,,,,4.6129180139208,21,0.16425273114076622,21
SPIL_20180126,,,,4.598792636114841,20,0.04000155447158149,20
XERS_20190910,,15.27,,2.706813924498604,20,0.017673651576993077,20
FRX_20020829,,,,4.209971170157806,22,-0.030158997915138874,22
RARE_20200630,13.85,,,8.716678629310023,21,0.07595710526976451,21
ARQT_20231215,,,,1.5446919468455933,21,0.1651364280424359,21
JNJ_20240315,,,,1.20597410122523,21,0.02524658190384854,21
PSO_20110608,,16.34,,6.142408137915512,21,0.010232557461725689,21
AAPL_20101021,,,,3.000558532268498,22,0.09638823323794399,22
JNJ_20020822,,,,4.209971170157806,22,0.29540097351598726,22
CEPH_20080320,,,,8.341376369831298,22,0.03317002554097881,22
RDY_20210614,,,,2.760338401926892,19,0.02860927455385598,19
TEVA_20160429,,,,4.792335331022579,22,0.000730708825756432,22
AZN_20221021,,,,3.9493108165312503,22,-0.05313655915859972,22
SGP_20061020,,,,0.4856110430112583,22,0.041510465164485755,22
SLXP_20081031,23.45,,,14.367304226710594,22,0.3728547562516378,22
NVS_20070313,,23.61,,3.712809943523663,20,-0.01396423930264834,20
PFE_20221215,,,,6.373527803148702,21,0.10641741060536658,21
XEL_20191003,,,,2.428040023703775,22,-0.007368325263541697,22
BMY_20190816,,,,2.572472184016134,22,0.02924617271097718,22
SCPH_20221007,,27.75,,1.9709366915603472,22,-0.08208975582438305,22
LNC_20240105,15.01,13.65,-9.060626249167218,1.489624669457237,20,0.13100139086905238,20
NVS_20230316,,,,2.708959775500741,21,-0.02058081988335614,21
RDY_20160127,13.1,,,2.0575494979422557,16,-0.07128792330824396,16
NVS_20010820,,,,5.46757012660104,20,0.0028458253434526792,20
NVO_20170929,,,,0.6329992053874736,21,0.033542212828300944,21
NVS_20010525,,,,4.077211145801193,22,0.027704269514694735,22
TAK_20211123,,,,2.106504523243697,21,-0.01847877049988733,21
EXEL_20031009,18.85,,,4.098719009491702,22,-0.03003850292099186,22
SNY_20040407,16.03,16.78,4.678727386150967,1.0294895652937133,22,-0.053150228153225676,22
BMY_20050107,19.08,12.36,-35.22012578616352,1.978549190142461,21,0.056098008677432976,21
MYL_20061215,,,,2.999348985692914,21,-0.012433043387008569,21
AMGN_20191206,15.99,,,1.7664035535372975,21,0.09242752941258092,21
TEVA_20190819,,,,2.572472184016134,20,-0.18963481157840612,20
URGN_20200415,,,,7.395889249547399,21,0.3129320796856574,21
GSK_20230201,20.58,,,2.5149448197567517,20,0.003415854042354338,20
CPIX_20110208,,,,5.260191171671041,20,0.04965537161547218,20
AKBA_20240327,,,,0.651968018534523,22,0.4814795486825152,22
SCYX_20210601,24.66,,,3.322977929783966,20,0.2671942360744526,20
ARM_20090730,,,,4.968000439958337,21,0.12584498826565604,21
NVS_20090330,43.06,,,5.47431385633272,20,0.0212407626661264,20
NVS_20010301,,,,3.2271561855998034,21,0.021058821575842268,21
LLY_20080613,,,,12.610764640139298,21,0.003155687050078626,21
PFE_20081031,23.45,,,14.367304226710594,22,-0.03145652397728038,22
TEVA_20190905,,14.28,,2.454895703202484,21,-0.09323212163221617,21
PFE_20170901,11.45,,,0.7493278066945136,22,0.035359446194118904,22
JAZZ_20200721,,,,4.610418866691619,20,-0.05229444660432481,20
BAX_20170420,,,,1.105820470446712,21,0.029692600352570597,21
GSK_20060608,12.63,13.65,8.076009501187645,1.253565344079806,21,-0.012518057450896403,21
UTHR_20180730,27.73,,,4.970432612446372,19,0.08687462768623244,19
AZPN_20001220,,,,3.3580455975375143,21,-0.2195120146375884,21
BAX_20061025,,,,0.4856110430112583,22,0.023987263763602273,22
NVS_20061025,,,,0.4856110430112583,22,0.03305398118344671,22
ABBV_20160411,,12.42,,4.22270530364239,19,0.012820390047252328,19
BDSI_20170323,,,,0.8343124850924074,22,0.026666584479593247,22
GMAB_20230519,,,,2.6080058711881002,22,-0.023758639971425022,22
BHC_20000628,,,,2.194335309404622,21,0.017302984730492188,21
BHC_20231020,,,,2.562691750644561,22,-0.049223085729967586,22
SLXP_20100324,,,,1.5462307135553106,22,0.3107897104325281,22
SRPT_20160919,,,,5.583292681541581,19,0.09746733457906243,19
GSK_20030904,21.24,,,2.484914712828208,21,0.04823658228149119,21
JNJ_20190305,13.36,13.74,2.844311377245515,4.205647057934283,20,0.03871253467950875,20
BAX_20081224,,,,9.272782679630284,21,0.03441428966597315,21
JNJ_20001130,,,,2.8377655726733293,21,0.06582389911716713,21
ITCI_20191220,,,,1.4063208857735854,21,0.3833347963748057,21
BIIB_20230929,,,,2.281969982262675,21,-0.037949445725092956,21
WYE_20071114,,,,3.4651436901310593,22,0.027393582793774574,22
JNJ_20111104,15.91,20.08,26.20993086109364,3.9915104626825544,22,0.034902961606892546,22
MDCO_20170829,,,,0.7493278066945136,21,-0.017965846939820396,21
JNJ_20090731,43.39,,,4.968000439958337,21,0.0878561516775267,21
GILD_20100222,,,,1.5530581397451362,19,0.059893546419004684,19
ASND_20240809,22.64,23.79,5.07950530035335,3.6945059192133094,22,-0.07673174989557785,22
VNDA_20090506,30.18,33.36,10.536779324055665,5.914055178893493,21,0.19780259478834705,21
GENZ_20041228,,,,1.9350824788586125,20,0.004285898453593617,20
TEVA_20161020,,,,1.903268133520067,22,-0.14516765839181722,22
AMPH_20030523,,,,4.362017652348178,22,0.20000147689233616,22
AZN_20231116,,,,1.3799205526107732,22,-0.06915357095271413,22
BDX_20000714,,,,2.698009899381896,21,0.013575759216934546,21
ANIP_20220114,,,,5.384832869600874,21,-0.06068678993818688,21
GSK_20090529,,,,3.1390204072351833,21,0.11002252082368802,21
NVO_20171205,,15.77,,2.250604472886102,20,0.022026075695449565,20
GILD_20210610,16.48,,,3.032043057679463,21,0.017340654187564697,21
LLY_20220513,,20.75,,4.453318117623821,21,-0.052844298667904854,21
TEVA_20180907,10.85,,,4.936097906743276,21,-0.06532176895932384,21
BPMC_20201201,15.18,,,11.818760568138233,20,0.05670522653537158,20
SNY_20170522,,,,1.4095715867027965,20,0.1548805570715699,20
CPIX_20090911,23.69,23.12,-2.406078514140989,6.401074242587576,21,-0.007129421231786948,21
BGNE_20240313,13.34,13.3,-0.29985007496251237,1.9434338868222063,21,0.11409780516536583,21
SNTS_20041221,,,,1.9350824788586125,20,-0.16449937572904627,20
HROW_20210623,,,,2.855928328616586,21,-0.07178564140308474,21
GSK_20180720,,,,4.970432612446372,21,-0.008528007879805233,21
VRTX_20110523,,,,6.07962333911628,20,0.11403600279835491,20
JNJ_20090925,,,,4.632027881112113,21,-0.006868474388793677,21
SNY_20161121,,,,3.32453984508294,20,0.06039735978170935,20
PFE_20210621,,,,2.855928328616586,19,-0.0285360808754207,19
MRK_20030917,,,,2.7227112928819466,21,0.07226085786047642,21
ACAD_20230310,16.09,,,2.3220488664101406,21,0.019891020321102237,21
PFE_20180927,,,,3.617175239115566,21,0.050503825321871254,21
TTPH_20180827,,,,8.165030268263573,20,0.08771727530571116,20
VRTX_20230426,,,,2.0811187589993407,21,0.05579036923200675,21
CEPH_20081031,23.45,,,14.367304226710594,22,-0.10195168499302942,22
NVO_20100125,,,,6.7601972961272345,18,-0.013037170139198473,18
GERN_20240606,12.48,13.49,8.092948717948715,8.970246037355462,21,0.07238747865531003,21
LLY_20180226,,,,3.225700532708759,19,-0.08905679154373236,19
TEVA_20230217,,,,1.941057601901986,22,-0.08348419996669687,22
TEVA_20081020,,,,14.367304226710594,20,-0.12481374289331071,20
PFE_20180724,,,,4.970432612446372,20,0.019170126513836427,20
AAPL_20040820,,,,0.6761045992861318,22,-0.04627195540620754,22
AZN_20090731,43.39,,,4.968000439958337,21,0.050069409721847924,21
RARE_20171115,,,,2.178159905208751,22,-0.15569721742594844,22
AZN_20050428,,,,0.37541505748098725,22,0.10323088020119431,22
SNY_20220831,,,,4.61768580086055,22,-0.17022285584809882,22
NVS_20090428,,,,5.736394600120374,20,-0.01485839902181263,20
BMY_20051223,,,,1.657442805552863,21,0.023725911232237884,21
TARO_20000412,,,,3.0508650082251663,22,-0.1950005351818075,22
RDY_20200514,,,,4.844941952510466,22,0.01608747542417155,22
MRK_20061016,,,,0.4822136088718223,20,0.05109388910968726,20
OYST_20211015,,,,1.7334790504939446,22,0.022034881967750275,22
AMGN_20100601,17.42,,,3.1487320359876927,20,-0.0964947585926349,20
AMGN_20180517,,,,7.655858051894054,22,0.0218230870684053,22
NVO_20171220,,,,1.8413907409858337,21,0.03692984789414022,21
PFE_20180515,,,,8.192808406900056,21,-0.003084598923516535,21
BIIB_20191029,,,,2.1423397680889322,21,0.28372911394362466,21
PFE_20031114,,,,3.83102602150645,22,0.08823690822783825,22
LLY_20101104,28.84,18.06,-37.37864077669904,3.2099751080808097,22,-0.02011138402451873,22
TEVA_20170117,,,,0.8759258119597962,18,-0.06956996939912663,18
LLY_20040803,15.39,,,0.5189112923610796,20,-0.08389700848321002,20
AVDL_20230501,,,,2.0811187589993407,19,0.14410260622491777,19
BMRN_20180524,,,,7.655858051894054,22,0.07773008572187012,22
BAX_20220125,,,,5.1521517924174365,20,0.004794146868984939,20
PFE_20160223,,,,3.224825327323353,20,-0.011594255492196615,20
CRMD_20231115,,,,1.4374992476502506,22,-0.0628771118722089,22
BDX_20021007,36.45,18.19,-50.0960219478738,7.6177726815417355,20,-0.04301918574076258,20
LLY_20240702,14.5,,,1.6336924722640616,20,0.11462331751786081,20
GILD_20161110,14.74,,,3.4874792331876137,22,0.03947560422538188,22
BAX_20210115,,,,3.857128841642753,20,0.005401726670116291,20
JNJ_20000801,24.31,,,2.017419622489845,20,-0.08650130275323764,20
AMGN_20020131,21.12,,,4.4920742861120475,20,-0.024807635697229657,20
CTIC_20220228,,,,3.3203446347070753,19,0.19697342866916578,19
JNJ_20010228,,,,3.2271561855998034,21,0.04719078631601126,21
BMY_20170801,11.45,,,0.5172875567715111,20,0.02824482372231274,20
ALXN_20181221,,,,2.9262676626027346,20,-0.1335379912625202,20
SGP_20010119,,,,3.815821279131683,19,-0.10148023989800237,19
BMY_20200901,,,,6.012740770636562,21,0.06034769962382702,21
TEVA_20101222,,,,3.5672161739322217,21,0.010283183529259832,21
GILD_20160404,,20.7,,4.177518854771835,19,0.08436556550828866,19
MAIA_20221122,,,,5.9208467457657115,21,0.15872938519915536,21
BMY_20050329,,,,0.8053954819241457,20,0.004814168841063449,20
NVO_20190920,,,,2.6607248865882633,20,0.035532025099686226,20
MRK_20200124,,,,0.7461595988350666,19,-0.03149556428710254,19
BHC_20001221,,,,3.3580455975375143,21,-0.0484331545104113,21
LLY_20021126,,,,3.525396433758702,21,0.20122808729426533,21
MYL_20171201,11.26,,,2.1448248712385314,21,0.022964454795623368,21
BMRN_20030430,,,,3.063667868290152,21,-0.014264148557636469,21
PFE_20020524,,,,6.711079445681927,22,-0.01010922516303725,22
NVS_20220323,,,,5.229251325465481,21,0.035722102342837125,21
PRGO_20040624,,,,1.3130467774421382,19,-0.05269762563565217,19
DNA_20030620,,,,3.1244638002930967,21,0.34697275339344347,21
NVO_20161121,,,,3.32453984508294,20,-0.21879561944275394,20
ACER_20221222,,,,5.424710668473637,21,2.300003863163232,21
JNJ_20160923,,,,5.583292681541581,21,0.00016851161854281038,21
JNJ_20170713,,10.16,,0.587253018915596,21,0.003109970405608564,21
ABBV_20191223,,,,1.4063208857735854,19,0.03764912269224885,19
CELG_20060525,,,,0.49914732578635224,22,-0.013573558407605879,22
PFE_20220622,,,,2.4142219562038965,20,-0.08309606164020489,20
LLY_20231108,,14.84,,2.4770579322601525,22,0.061409737630764516,22
SUPG_20021114,,,,3.55491134181302,22,1.651607402378057,22
ACTG_20200702,14.96,13.79,-7.820855614973272,8.716678629310023,22,0.5882328779191304,22
UROV_20201223,,,,20.777198161861385,21,-0.006194575178869122,21
GENZ_20000712,25.07,24.91,-0.6382130035899487,2.476107212764384,21,0.16594814556523785,21
ABBV_20160722,,,,4.709118222843465,21,0.07456212668564222,21
PBYI_20170717,,,,0.563911660464531,19,0.14955207481464727,19
TEVA_20230428,,,,2.0811187589993407,21,-0.027399691500998635,21
PFE_20180720,,,,4.970432612446372,21,0.0314721118318575,21
AMGN_20190409,,,,3.0929564115590016,21,0.0774598009596772,21
NVS_20070928,,,,4.230589119349949,21,0.04731699954495827,21
LLY_20010226,,,,3.2271561855998034,19,-0.07617146423379295,19
JNJ_20030402,30.43,,,2.4882614983474354,22,0.11382740575779682,22
MRK_20240326,,,,0.651968018534523,21,-0.02579596570522813,21
TEVA_20160323,,,,4.04205079719215,22,-0.026956022957189685,22
NVS_20211029,,,,1.5203297030881509,22,0.012270751214390474,22
OCUL_20181130,,,,3.0654762257202037,21,0.246914327232425,21
GILD_20060712,11.33,11.09,-2.11827007943513,2.4498258538272077,21,0.07764888381202906,21
MMM_20180808,14.88,,,7.252499518682627,22,0.05626413982819489,22
NVS_20030418,,,,3.063667868290152,22,0.08257246479496927,22
MRTX_20221212,,23.87,,7.689335622029213,19,-0.4289424206725716,19
GSK_20210422,,,,3.9090847058808573,21,0.04308777051592205,21
GILD_20180207,13.15,,,4.191446019678193,21,0.07863984687577319,21
SGEN_20200417,,,,6.415606513919562,21,0.32433463663405826,21
NVO_20200828,,,,6.012740770636562,22,-0.007407384531883832,22
REGN_20201014,,,,3.6541156380568727,22,0.11607264703209652,22
SNY_20020809,42.64,36.33,-14.798311444652912,5.645923249150111,22,-0.0015997884519812766,22
HROW_20220927,,,,2.187516694229216,20,-0.17372442648175956,20
MYL_20081015,,,,12.16279752733036,22,-0.23722865902682422,22
FDN_20090710,25.7,,,4.5758157507786965,21,-0.08268873112502872,21
VRX_20050908,12.93,,,0.3383216466515068,21,0.03550941574208921,21
NVS_20191007,15.27,13.3,-12.901113294040595,2.427410408906925,20,-0.04202273708442916,20
UTHR_20090730,,,,4.968000439958337,21,0.02394504285812893,21
AMPH_20230307,14.6,,,2.228182550034993,20,0.12560177219293833,20
JAZZ_20210630,25.07,,,2.855928328616586,21,0.005053801440708883,21
TRVN_20200807,22.21,25.81,16.208914903196746,6.621683648160769,22,0.4907967870105985,22
LIN_20220426,,,,3.3536588936004526,20,-0.014902050804444622,20
JNJ_20060623,,,,2.0452403013563005,21,0.02599288270901101,21
JNJ_20010815,,,,5.198572330108511,22,0.07427034753989403,22
JNJ_20010507,25.85,29.94,15.822050290135396,4.552312881116314,19,0.08153431910144415,19
AMGN_20170914,,,,0.785911046819064,21,0.11250013523513602,21
PFE_20230814,,14.45,,1.1984179962666044,20,0.0035305439184976084,20
NVS_20081120,,,,7.563579587467956,22,-0.08571343151843169,22
RDY_20060915,,,,3.02007900371239,21,0.026265944111082407,21
VRTX_20180807,14.88,12.18,-18.145161290322587,6.902414638975162,21,0.008418854399363074,21
ALC_20080724,,,,6.839375699778005,21,-0.05463730915613274,21
AMGN_20190422,,,,2.4922111593049077,19,-0.049436247326868576,19
FRX_20041126,,,,2.3343968089078384,21,-0.14111835841597276,21
AMGN_20231031,20.53,,,2.562691750644561,21,-0.020724469276196866,21
RYTM_20201125,,,,11.818760568138233,22,0.025640707785387518,22
PFE_20110721,,,,3.348622677337444,21,-0.018253487172407823,21
VRTY_20000615,,,,2.16605103815716,21,0.34630329394826287,21
LQDA_20211104,19.66,21.91,11.444557477110886,1.5644369055285896,22,0.5373681212397139,22
KPTI_20190703,15.74,16.37,4.002541296060996,1.021489388267302,22,0.1595740136603523,22
NVS_20080415,,,,4.216082027191216,20,-0.012753011154829075,20
ARM_20091016,,,,4.860935791038529,22,0.002226391884181611,22
JNJ_20041021,,,,2.452723693140183,22,-0.007251188756927984,22
GENZ_20030424,,,,3.063667868290152,21,0.049321129624169346,21
FRX_20040729,,,,0.5189112923610796,21,-0.15394030852095375,21
DCTH_20230814,,14.45,,1.1984179962666044,20,-0.3616173880007225,20
NVS_20190213,,14.91,,4.180323538960344,21,0.01230486208050019,21
JNJ_20090424,,,,5.736394600120374,21,-0.024666943751377568,21
PFE_20041217,,,,1.9350824788586125,21,0.06076074903582418,21
IMGN_20221114,,22.52,,5.279871068603197,20,-0.11405091134579004,20
RDHL_20181116,,,,3.0654762257202037,22,-0.07118349824485903,22
AMPH_20041026,,,,2.452723693140183,21,-0.01125880626143927,21
SNY_20160727,,,,4.709118222843465,21,0.09518630295987007,21
BHC_20191218,,,,1.4063208857735854,21,0.035814993544837526,21
BMY_20060628,,,,2.0452403013563005,21,0.013627238100161865,21
ALVO_20240223,,,,3.002333544827127,21,0.09262966697581909,21
NVO_20200116,,,,0.7642589670175639,20,0.07328317463758593,20
GSK_20230915,,,,2.281969982262675,21,0.07139695484111375,21
LLY_20160322,,,,4.04205079719215,21,-0.032502636475948754,21
DCPH_20200515,,,,4.632809918154502,22,0.04799986449405247,22
AZN_20030505,,33.04,,3.5756930272230427,19,0.18871813195290477,19
AZN_20060721,,,,2.360534201868831,21,0.013684041930402291,21
ABBV_20240426,,,,2.8653307865752145,21,-0.057490957096567485,21
GBT_20211217,,,,2.432528951600076,21,-0.17634989398309964,21
LJPC_20171221,,,,1.8413907409858337,21,-0.2079534305849462,21
XELA_20230208,13.09,,,2.2665154857869583,21,-0.02092048255990908,21
REGN_20180928,,,,3.617175239115566,21,0.04089171651996826,21
NVS_20190318,,,,4.830355378358123,19,0.07089296167304404,19
FOLD_20180810,16.36,,,7.70852347305509,22,-0.05739419232479881,22
JD_20191004,14.28,,,2.428040023703775,22,-0.02207300677004731,22
NOVN_20060406,13.05,11.86,-9.118773946360163,1.0731887353058576,22,0.21491129312881352,22
SNTS_20050603,13.68,,,0.9674086972156073,21,-0.2488360693185565,21
MYL_20180205,13.15,17.31,31.634980988593142,4.23366096640744,19,-0.054782793708684,19
SPPI_20220909,,21.77,,2.599150576708466,21,0.21153743615298692,21
BHC_20181106,13.16,12.65,-3.875379939209725,3.689185664123009,21,-0.028497390151713597,21
AZN_20180518,,,,7.655858051894054,22,0.016172420203874882,22
STML_20181221,,,,2.9262676626027346,20,-0.17568934595067776,20
AZN_20101105,30.57,,,3.2420435850965856,22,-0.030978037929180746,22
MRK_20240830,,,,3.616642708067288,22,0.019174651699505052,22
AMRX_20241004,14.98,,,3.3251638886134316,19,-0.020023563192391403,19
BAX_20221215,,,,6.373527803148702,21,-0.020313244477130343,21
PMC_20030325,,,,2.4882614983474354,21,-0.06739109951406996,21
AAPL_20031114,,,,3.83102602150645,22,-0.08676196774660849,22
GILD_20110810,29.85,34.32,14.974874371859293,6.008851522860455,22,-0.10131884040873296,22
BMY_20220428,,,,3.3536588936004526,21,0.04459698037499016,21
GENZ_20110406,,17.08,,6.735901572561694,22,0.008986989673376522,22
AMGN_20240823,,,,3.616642708067288,22,-0.019321306589821896,22
GILD_20160628,,,,1.8654501129262886,20,-0.08308036617041048,20
NVO_20000620,,,,2.194335309404622,20,0.0725543285003829,20
NVS_20101221,,,,3.5672161739322217,20,0.03760385830281754,20
GCO_20230414,,,,1.779790669411562,20,-0.026532986152368765,20
JNJ_20001016,,,,2.8840100376313074,20,0.007889767696651617,20
MDGL_20180613,,21.19,,4.4880861544100235,21,1.346140412536116,21
AMGN_20040308,14.28,16.62,16.386554621848752,1.587682592262972,19,-0.02482419087173593,19
VNDA_20201201,15.18,,,11.818760568138233,20,0.14218885207866627,20
PFE_20181016,,,,5.03722270384379,21,0.003723304868298527,21
GILD_20011026,,,,4.2197278853938,22,0.3134776071222878,22
HRTX_20210512,,16.48,,2.968293260419625,22,0.1132530524538804,22
TEVA_20081128,,,,7.563579587467956,21,0.07578783458834604,21
BIIB_20041123,,,,2.3343968089078384,21,0.0063410375202026525,21
GENZ_20060428,,,,0.4099343354289517,21,-0.06935420231694578,21
NVS_20100420,,,,7.049975230191381,20,-0.02644956804008025,20
NVS_20061215,,,,2.999348985692914,21,0.014703573567402817,21
AZN_20221110,23.53,,,5.227229246725393,22,0.12617502235458145,22
MIRM_20210929,,,,2.7572211077515263,21,0.15384501513864768,21
BHC_20001127,,,,2.8377655726733293,19,-0.05840688897785451,19
JNJ_20240819,,,,3.616642708067288,20,0.030382706908502533,20
CHRS_20181102,,9.88,,4.502672866747833,22,-0.28306566183206305,22
JNJ_20031029,,,,4.44473949126691,22,0.027654092783013118,22
ZEAL_20210322,,,,5.327466650183773,20,-0.07655521025486789,20
JNJ_20160920,,,,5.583292681541581,20,-0.0188452061456843,20
XELA_20180711,19.91,,,4.894312882366976,21,0.042086954114555875,21
CALT_20211215,,,,2.2910927545776136,21,-0.01943658785378599,21
TARO_20051004,12.08,12.49,3.394039735099339,0.2164387348307093,20,-0.048558129122076465,20
ABBV_20180723,,,,4.970432612446372,19,-0.03943978614350108,19
ABBV_20210610,16.48,,,3.032043057679463,21,-0.0191021222011446,21
BAX_20100728,,,,7.135061095230599,21,0.0720251516549022,21
AZN_20110228,,,,3.8836414050449832,19,0.035117686535688586,19
NVO_20230929,,,,2.281969982262675,21,-0.03850480601677453,21
LJPC_20200529,,,,4.588543277820292,21,-0.31166958174760107,21
JNJ_20110520,,,,6.07962333911628,21,0.05902135266686015,21
ALKS_20210528,,,,3.322977929783966,22,0.002669458892904375,22
MYL_20180322,,,,3.418659589139587,22,-0.02325471084624864,22
XFOR_20240426,,,,2.8653307865752145,21,-0.2206895182919304,21
RMTI_20160425,,,,4.792335331022579,20,0.3878504676517993,20
AZN_20020425,,,,4.629579488143551,21,0.030878335196887097,21
TPH_20181220,,,,2.9262676626027346,20,-0.04214962814188483,20
SGP_20060915,,,,3.02007900371239,21,0.05234164063908109,21
NVS_20090430,,,,5.736394600120374,21,0.03802843977597914,21
YMAB_20201125,,,,11.818760568138233,22,0.09328268411969964,22
PFE_20230627,,,,1.7448596782768022,19,-0.01888329406115552,19
MMT_20060928,,,,3.02007900371239,21,0.008418498420929899,21
PFE_20190311,,,,4.28310987241327,19,-0.03173118086688764,19
LLY_20040204,,14.86,,1.1527432512809435,21,-0.02582866293295527,21
TAK_20240418,,,,2.8653307865752145,21,-0.07671667919456282,21
COLL_20160426,,,,4.792335331022579,21,0.09982533122049553,21
MRK_20161021,,,,1.903268133520067,22,-0.0003216879440647302,22
LLY_20231026,,,,2.562691750644561,22,0.061870712334759714,22
NVO_20080826,,,,9.26158342503766,21,-0.06563464985249301,21
SLXP_20060316,,,,1.1364682227563327,21,-0.03654490421996148,21
NVS_20170518,,,,1.4095715867027965,22,0.08905222427604187,22
AMGN_20060927,,,,3.02007900371239,21,0.047838792495699334,21
TEVA_20200313,21.17,21.28,0.5196032120925811,9.853313967136183,21,-0.3673970693142371,21
AMGN_20080822,,,,9.26158342503766,22,0.16868367855083566,22
ALVO_20240416,,,,2.348394939268057,20,-0.18354128501611777,20
TAK_20240209,19.26,23.39,21.443406022845267,1.888654090894607,21,-0.0514916185150639,21
MRK_20171108,,10.89,,1.0981787471199442,22,-0.138807194952685,22
VRX_20170215,,,,0.803272417516894,21,0.04239979158701934,21
AMGN_20160923,,,,5.583292681541581,21,0.006996932174136994,21
CBST_20110527,,,,6.07962333911628,22,0.1284594026994541,22
LLY_20191011,,17.57,,2.130287956107917,22,-0.03762581825927458,22
MRK_20111007,,18.86,,6.795576257638976,22,-0.014072585307063679,22
LLY_20070913,,,,2.924551864239987,21,0.002107294549062999,21
IRWD_20170818,,,,0.7493278066945136,22,-0.22790268439864048,22
BIIB_20230425,,,,2.0811187589993407,20,0.0851748083015611,20
BLRX_20230908,13.84,,,2.2465893279769884,21,0.4183009271250828,21
BMRN_20170427,,,,1.105820470446712,21,0.08885753858155154,21
VNDA_20210318,,,,5.873895872165886,22,-0.03894539766598781,22
XELA_20190416,,,,2.640709105409962,21,-0.020672419614579773,21
PFE_20020927,,,,6.666434979825501,21,-0.08995236412384655,21
AZN_20200410,35.55,30.75,-13.502109704641343,7.770688400032673,22,-0.047761977177462445,22
CARA_20210823,,,,2.4410619778482854,20,0.14740404702674814,20
TEVA_20180914,,,,3.9914830502073584,21,0.004067899868829494,21
ALC_20201026,,,,4.498054641449413,20,0.10728274205934851,20
GKOS_20160415,,,,4.914849668710073,21,0.1574608207033732,21
ALC_20010316,,,,3.0466261200113136,21,-0.020586027088193126,21
HGSI_20110309,,23.38,,3.0922250936308373,21,0.013321543092686072,21
SNY_20100617,,,,4.709914966617906,21,0.06204170372676332,21
BLCO_20230518,,,,2.6080058711881002,22,0.19914307252237307,22
AMRX_20200424,,,,6.415606513919562,21,-0.1274221784185211,21
LLY_20200508,23.76,,,5.2621890309226815,21,0.07816357793255846,21
MRK_20190716,,,,2.501098430969199,20,-0.021986033796225657,20
NVS_20220405,,18.57,,4.3671118896353445,21,0.07334310290142243,21
TEVA_20081024,,,,14.367304226710594,22,-0.10356815546177145,22
SAGE_20190319,,,,4.830355378358123,20,-0.02516392350319363,20
NVS_20001222,,,,3.3580455975375143,21,0.07325030332176374,21
BAX_20190620,,,,0.7397940859227431,21,0.08261913440333513,21
REGN_20170328,,,,0.8343124850924074,21,0.06279601677281366,21
ABBV_20170607,,10.45,,1.1251000463063803,21,0.013135692467508786,21
NVS_20070620,,,,2.566763297553496,21,-0.020985696456706115,21
NVO_20061229,,,,3.253175572626332,21,0.09359246454634684,21
REGN_20210211,31.12,,,4.921771231340057,21,-0.023264690045090908,21
SNTS_20060324,,,,1.1236781360959047,22,-0.13453666424932487,22
ATHA_20210323,,,,5.327466650183773,21,-0.1166362488656022,21
PFE_20060217,,,,1.1163441153193583,22,0.07268873678219934,22
ALKS_20060413,,11.23,,0.5654710276243853,22,-0.15006112614935752,22
BMY_20020201,19.96,,,5.04687583231726,20,-0.10776748997307273,20
SLXP_20080424,,,,5.39412192464801,22,0.01236794481033976,22
AZN_20170501,,,,1.105820470446712,19,-0.02857933057512596,19
JNJ_20080118,,,,4.747578153188704,20,0.001772217988299074,20
GSK_20170720,,,,0.5172875567715111,21,-0.03106493571174329,21
VRTY_20010629,,,,4.629740461946168,22,0.23494982902664807,22
AMGN_20190613,,13.62,,1.4885649784595945,21,0.05667111912384315,21
JAZZ_20200615,,,,9.92775536269407,19,-0.0582939075006611,19
ABBV_20210928,,,,2.7572211077515263,20,-0.09917889538328972,20
MOR_20200731,13.79,,,4.610418866691619,21,0.03789174497163961,21
JNJ_20010810,29.13,,,4.094764323376392,22,0.025905150223810347,22
BMY_20001220,,,,3.3580455975375143,21,0.07788326844341786,21
MGNX_20201216,,,,18.88836196532844,21,0.15076451085447107,21
AZN_20230428,,,,2.0811187589993407,21,0.07551088107179571,21
EOLS_20190201,16.14,,,2.6580510461265483,21,0.3739493459260026,21
LLY_20040819,,,,0.6761045992861318,22,-0.009215592997980582,22
JNJ_20180214,,,,3.6185931809488587,21,-0.10839804805108288,21
AZN_20210730,,,,2.8872982576293893,21,-0.04220823732735046,21
VIVO_20021217,,,,4.3911503796347215,20,0.05648436036181903,20
MYL_20190814,,,,2.7834693047103043,22,0.026016251170144056,22
IPXL_20010917,,34.83,,5.400913549249513,15,-0.1353854070728685,15
BXRX_20200220,,,,9.664110131846188,21,0.062331147476600846,21
AADI_20211122,,,,2.106504523243697,20,-0.08564083704793901,20
SNY_20210806,16.2,,,3.0402232819638426,22,-0.016915783531841644,22
AZN_20081205,,,,6.803985116340967,21,-0.15051806177268445,21
SLXP_20060802,12.66,,,2.360534201868831,21,-0.1772376016500361,21
MYL_20200611,,29.48,,8.95963132653179,21,0.021532622682373992,21
MRK_20071012,,,,6.426402351451727,22,0.06186176606140492,22
NVS_20240412,,21.98,,1.7794764267362368,21,-0.05442695181473001,21
WYE_20030716,,,,4.31519413098468,21,0.0637360065477004,21
TARS_20230724,,,,1.8640887349836364,19,0.3490421716039762,19
SNY_20070516,,,,4.048153120726457,22,0.00962932828897789,22
JNJ_20161019,,,,1.903268133520067,22,-0.024017205230058014,22
HALO_20230620,,,,1.7448596782768022,19,0.03277212808160668,19
AMRX_20211122,,,,2.106504523243697,20,-0.18518604459179766,20
FMS_20010402,25.78,,,3.0466261200113136,20,-0.1823756785457349,20
SNY_20040401,17.34,,,1.2773123387894039,22,-0.055779319701259045,22
EGRX_20200208,26.12,27.68,5.9724349157733485,5.892628745928107,21,-0.010517747613081552,21
AZN_20200723,,,,4.610418866691619,21,0.06663985277294904,21
LLY_20031224,,,,2.7666597363569667,21,0.013071909209059873,21
TEVA_20030905,,27.11,,2.404808512990099,21,0.08651166520789233,21
GILD_20221222,,,,5.424710668473637,21,0.01925561183211899,21
TEVA_20170127,,,,0.8745514850486084,20,-0.06631868251439965,20
RIGL_20221201,18.41,,,5.9208467457657115,21,-0.0782349854562503,21
BGNE_20191114,,,,2.28564339253829,22,0.6106110254481412,22
TEVA_20060525,,,,0.49914732578635224,22,-0.10385751373868568,22
ZVRA_20240920,,,,3.3251638886134316,21,0.05665458145921587,21
MRK_20061006,18.12,11.78,-34.988962472406186,2.529141643170052,22,0.006073313029133276,22
BIIB_20160527,,,,2.2587367699335035,22,0.00106369881479762,22
BMY_20110325,,,,6.328981418214684,22,0.0413692096769005,22
HSP_20110308,,,,3.0600569146829755,20,0.0185269410153297,20
MDGL_20240314,,,,1.5587778623878312,21,0.26186758833492796,21
AXSM_20220818,,,,4.61768580086055,22,0.051437962056991804,22
GSK_20090508,24.89,,,4.816832621571503,21,0.030017685019790852,21
ALXN_20070316,,,,3.510884327272543,21,-0.05750296975401947,21
INCY_20200417,,,,6.415606513919562,21,0.3593862172579141,21
MRK_20210531,24.66,,,3.322977929783966,20,0.018657761337160794,20
ALIM_20181012,,,,3.9777951931706093,22,-0.11509237729634836,22
NVS_20010510,31.97,26.35,-17.57898029402564,4.399384094040433,21,-0.0466897317373578,21
LXRX_20230526,,,,2.6080058711881002,22,0.22881449955090938,22
NVS_20090407,27.1,30.18,11.365313653136525,5.183866329141684,21,0.07109996935784091,21
PFE_20170817,,,,0.7493278066945136,22,0.013062740877177736,22
MRK_20070330,,,,3.510884327272543,22,0.026650441194874697,22
LLY_20240410,,21.32,,1.4586519444820356,21,-0.006431326058799369,21
ADCT_20210423,,,,3.9090847058808573,21,-0.12450644643881326,21
ARGX_20211217,,,,2.432528951600076,21,-0.013544654930505051,21
BMY_20021231,21.62,,,4.203444100586451,20,-0.12264292572127478,20
LLY_20240913,,14.19,,3.0615991270848633,21,0.031138293275243534,21
AZN_20050316,,,,0.7972447085376314,21,0.06058514201370602,21
PFE_20191105,13.03,13.02,-0.07674597083652945,2.0512997700111644,21,0.05844584008330567,21
AMRX_20220413,,,,3.5823263352875836,22,0.04126290974452984,22
TAK_20231108,,14.84,,2.4770579322601525,22,-0.09102930659163588,22
TVTX_20230217,,,,1.941057601901986,22,-0.023099709810809,22
PFE_20090313,29.78,22.46,-24.58025520483546,5.155508240364548,21,-0.003553317835279679,21
GILD_20050928,,,,0.2164387348307093,21,0.14884447999476524,21
BIIB_20210607,21.3,18.12,-14.929577464788732,3.211510379101746,19,0.0441523209895367,19
LLY_20101123,,,,3.6586650273905197,21,-0.010341995390228398,21
GENZ_20090812,,,,3.7090326954870574,22,-0.08167456795247863,22
ABT_20021220,,,,4.203444100586451,21,-0.09113377995004635,21
NVS_20090916,,,,5.144340623073308,21,0.06222158967934144,21
JNJ_20050401,11.79,,,0.8053954819241457,21,0.0076523764798830385,21
MRK_20210119,,,,5.132572698207989,18,0.04840806662931696,18
FMS_20110418,,,,2.2483237210971914,20,0.1387902982519158,20
APLS_20230217,,,,1.941057601901986,22,-0.001920356630933484,22
LLY_20040903,16.26,16.39,0.7995079950799446,0.6377822212807703,22,0.030487165589042187,22
GILD_20160301,,,,3.224825327323353,20,0.05120493016136418,20
AXSM_20190320,,,,4.830355378358123,21,0.3879943739569649,21
SRPT_20191212,14.99,12.68,-15.410273515677122,1.6052881245297306,21,0.07037278316427087,21
AMGN_20010917,,34.83,,5.400913549249513,15,0.06972476762035096,15
HSP_20010709,28.8,19.67,-31.701388888888886,2.923644304261578,19,0.023867608406139773,19
JAZZ_20180625,,,,4.6129180139208,19,0.08168752128326195,19
ARDX_20190912,,,,2.6575232509034707,21,1.5777811478780248,21
EYEN_20240304,14.68,14.04,-4.359673024523165,3.2848573378333352,19,0.3093910808105056,19
JNJ_20210521,,,,3.322977929783966,22,0.027569305637511254,22
TEVA_20170830,,,,0.7493278066945136,22,-0.5098113458669326,22
ETON_20200929,,,,12.347899248886398,20,0.11250037535586666,20
NVS_20020222,,,,6.279075207041663,21,0.06425411275198423,21
LLY_20031121,,,,3.4521660600428716,22,0.15027235615957424,22
ATHN_20091203,43.61,41.25,-5.411602843384544,3.5395340768682764,21,0.09825031183387867,21
AZN_20081219,,,,9.272782679630284,21,-0.04145889383238077,21
NVS_20231205,,19.09,,1.2304114539229893,20,0.06716226173351969,20
AGIO_20220217,,,,3.4104529196047357,22,-0.06245988903886479,22
PFE_20041230,,,,1.9350824788586125,21,-0.002561135581592877,21
EXEL_20200330,17.97,,,10.412476877171763,20,-0.07315781466178306,20
AMRX_20240726,,,,5.2192557968924955,21,0.13538490276728532,21
BCRX_20201203,53.9,13.74,-74.50834879406307,11.818760568138233,21,0.3107916723099502,21
HRTX_20160809,18.71,11.5,-38.53554249064672,4.043040417738554,21,0.0032107373451222276,21
MMT_20180914,,,,3.9914830502073584,21,0.03085496145989164,21
HSP_20110202,21.01,,,4.927102940722563,21,-0.011492159740682184,21
NVS_20010718,,,,3.6822515611049385,21,-0.10383740815385811,21
SGEN_20210920,,,,2.7572211077515263,19,-0.019394844400477118,19
GILD_20240814,,,,3.945489056859414,22,0.05746164255489217,22
CHRS_20231027,,,,2.562691750644561,22,-0.31155802025433466,22
BMY_20051227,,,,1.657442805552863,20,0.030549715786938547,20
LQDA_20240816,,,,3.616642708067288,22,0.07794140563244678,22
NVS_20240424,,,,2.8653307865752145,21,0.010909872137217835,21
BMRN_20071213,,22.47,,2.833672518356253,21,0.04758519514208781,21
BMY_20220909,,21.77,,2.599150576708466,21,-0.07443913963461457,21
BPMC_20200109,,,,1.0068152971321722,20,0.14111103978837902,20
LLY_20230127,,,,2.5149448197567517,20,-0.046234050018861494,20
ALKS_20180629,,,,4.6129180139208,22,-0.12276952806283647,22
NVO_20210604,19.15,,,3.141728824380812,21,0.07486714495693536,21
SF_20020826,,,,4.209971170157806,20,0.07634746728243691,20
AZN_20230110,25.0,13.09,-47.64,2.746330676524384,19,0.019407593371576493,19
OTTR_20181101,,,,4.502672866747833,22,-0.042896420622772546,22
HZNP_20200214,,,,8.637521119172305,21,-0.06666544507769134,21
NVS_20190524,,,,3.498598938910961,22,0.1125164836776591,22
PFE_20191101,,,,2.1423397680889322,22,0.08297911045506878,22
NVO_20080623,,,,9.462167482615895,19,-0.04004906299280986,19
AMRX_20180802,17.76,9.52,-46.396396396396405,4.970432612446372,21,0.16596261860065686,21
PMC_20040130,,,,1.090136536082545,20,0.010929590228040409,20
AZN_20160425,,,,4.792335331022579,20,0.07499769280059643,20
PFE_20230309,,15.92,,2.34084725483547,21,-0.08318058658527527,21
MRK_20180830,,,,8.165030268263573,22,0.06172071525469591,22
AZN_20071115,,,,2.9964538742788083,22,-0.12727248529203494,22
ALNY_20220613,,30.52,,2.9309677556386293,19,0.044596228201788435,19
LLY_20180531,9.22,,,7.655858051894054,21,0.04158279324742553,21
SLXP_20090904,32.05,49.68,55.00780031201249,3.516578019947967,22,0.011316792239587148,22
MYL_20070612,,21.39,,3.841488462952189,20,-0.16339337292135836,20
PHAT_20220503,18.57,,,3.3536588936004526,20,-0.01966334537837,20
JNJ_20190412,,12.83,,2.731872634847502,22,-0.02852302418272923,22
MYL_20201119,,,,12.990737130015493,20,0.02820947601781998,20
MRK_20111221,,,,6.493145016049853,21,0.07339104943500785,21
ABBV_20200304,33.42,36.82,10.173548773189701,9.997278558529844,21,0.0808433373529045,21
DEPO_20050519,,,,0.9674086972156073,22,0.14640903473272981,22
BMY_20000731,24.31,,,2.017419622489845,19,-0.13375106425948746,19
NVS_20010925,,,,6.532234242007951,16,-0.026321535738433433,16
NVO_20000607,,23.05,,2.999605986612313,21,0.10066903350769563,21
ACAD_20160429,,,,4.792335331022579,22,0.360772731641557,22
SNY_20171211,,,,2.404581410902858,19,-0.03910996054852145,19
PFE_20220502,18.57,,,3.3536588936004526,19,-0.04847738744557728,19
MRK_20080125,,,,4.747578153188704,20,-0.1704072377524608,20
CTXR_20240807,27.85,,,4.550120441449638,22,0.9274367539779993,22
HRTX_20171109,10.08,15.51,53.86904761904761,1.2878577172567034,22,0.02735526125760579,22
BMY_20200325,,,,10.412476877171763,22,-0.2497311692948082,22
SUPN_20210402,26.67,26.97,1.1248593925759174,5.327466650183773,22,0.07008262221664174,22
ABLE_20010626,,,,4.629740461946168,20,-0.21960091691485484,20
ANIP_20240729,,,,5.2192557968924955,19,-0.00675165500851771,19
MYL_20200519,,,,4.588543277820292,21,0.021724970943893362,21
GILD_20170718,,,,0.5172875567715111,20,0.109637992560915,20
CEPH_20070615,,,,3.270839621106375,21,0.03728540697107485,21
AZN_20070517,,,,4.179932111765766,22,-0.04744338339131249,22
TAK_20230927,,,,2.281969982262675,21,0.047933901660487166,21
AMGN_20201217,,,,18.89736150617995,21,-0.03473355483707807,21
SNY_20200302,33.42,,,9.664110131846188,19,-0.04184819524509975,19
GSK_20040514,,,,0.5564653173458197,22,0.03749867680373575,22
NVO_20051019,,,,1.993344207707237,22,-0.046570859565013056,22
MRK_20011121,,,,1.8739191828284898,22,-0.01896607137744233,22
PDLI_20171114,,,,2.033566838396625,21,-0.11815539495873073,21
NVS_20170504,11.79,,,1.105820470446712,21,0.04287868497060887,21
UTHR_20220523,,,,4.984204891823136,20,0.003730681532719382,20
GILD_20040802,15.39,,,0.5189112923610796,19,-0.04123356097539388,19
KEY_20090501,,,,5.736394600120374,21,-0.2185512087062933,21
PX_20051025,,,,1.993344207707237,21,0.014492260671841173,21
HSP_20080507,,18.63,,6.876044079173262,22,-0.01999113284159615,22
IMPL_20210902,25.47,,,2.4410619778482854,22,0.4001358944363731,22
ASND_20210825,,,,2.4410619778482854,22,0.05265148463990976,22
UWMC_20231213,,12.07,,1.4946236231978975,21,0.09409592864552052,21
CPRX_20231026,,,,2.562691750644561,22,0.06759840587980026,22
PRVB_20221117,,,,5.9208467457657115,22,0.3506313393926579,22
MYL_20190911,,18.64,,2.6566594166426416,21,0.12320574570867548,21
CHRS_20220802,,,,2.229539134539281,20,0.1698598440530079,20
GENZ_20100524,,,,3.1487320359876927,20,-0.08381276542232075,20
INCY_20240814,,,,3.945489056859414,22,-0.02576199616312791,22
SNY_20020712,25.11,31.42,25.129430505774604,7.275493941869356,7,-0.0426607235087656,7
ALNY_20201123,,,,11.818760568138233,20,-0.05415776437249653,20
TEVA_20060516,,,,0.4928619321758053,21,-0.04542902050793296,21
ABBV_20200529,,,,4.588543277820292,21,0.0878436718803608,21
NVS_20191115,,,,2.280143673129062,22,0.03241157454281329,22
BAX_20230627,,,,1.7448596782768022,19,0.09044727110339013,19
JNJ_20110701,17.4,,,4.826894395826186,22,-0.011444589407754946,22
JNJ_20180717,,,,4.98294472641246,20,0.016963031050431177,20
MRK_20210813,,19.9,,2.77659453875049,22,-0.020229530020186348,22
PFE_20000418,,,,4.019370313699985,21,0.061082740192362595,21
AZN_20110720,,,,3.348622677337444,21,-0.010962927101797804,21
PFE_20030117,,,,0.7510461670953081,20,-0.012548383553164899,20
ALVO_20230509,18.58,,,2.427833302499736,21,-0.2803015117255493,21
XEL_20201020,,,,4.498054641449413,21,0.07159867396069841,21
PFE_20220610,,26.91,,3.230836390259001,21,0.0545770481967669,21
MRK_20030326,,,,2.4882614983474354,22,0.038567632480464464,22
PFE_20230623,,,,1.7448596782768022,20,-0.02295560898020743,20
EYEN_20230505,20.09,19.08,-5.027376804380297,2.1197315291757395,21,0.33244483697331817,21
EXEL_20160425,,,,4.792335331022579,20,0.09158379509556847,20
TEVA_20090807,24.76,29.77,20.23424878836833,4.3532847871188585,22,0.05889705080212426,22
WSM_20240731,,,,5.2192557968924955,21,0.061010658676101004,21
EVOK_20200619,,,,8.716678629310023,21,0.30857186331501385,21
AZN_20220803,,21.44,,2.229539134539281,21,-0.010461920797878554,21
NVS_20100921,,,,3.1107766121373492,20,0.11645253819473123,20
RDY_20211112,,17.66,,1.8296738111789421,22,0.00619360004554359,22
NBIX_20240430,14.13,,,2.8653307865752145,21,0.007033339648526482,21
BMRN_20211119,,,,2.106504523243697,22,0.118425709081585,22
BTAI_20220405,,18.57,,4.3671118896353445,21,0.23508019952506243,21
JNJ_20111216,,,,6.043234626739472,21,-0.006072444632773122,21
PFE_20100104,,,,3.600013608743785,18,-0.016224949749973017,18
MRNS_20220727,,,,2.229539134539281,21,0.1482952144917815,21
BMY_20231115,,,,1.4374992476502506,22,-0.10536596015360411,22
BAX_20020321,,,,2.4830297774833694,22,0.003356734619431645,22
JNJ_20230809,,15.99,,1.0951453822807593,22,0.08747010227116858,22
ARQT_20220729,,,,2.229539134539281,21,0.06037210739250232,21
SNY_20050902,12.4,,,0.47610509971398857,22,-0.0411465102424079,22
PFE_20160819,,,,3.947182470493681,22,-0.031410928121952564,22
BMY_20240926,,,,3.3251638886134316,21,0.035446094605833034,21
NVS_20051102,12.49,13.19,5.604483586869489,1.993344207707237,22,0.05842910774451804,22
TEVA_20070201,15.82,,,4.130222700888575,20,0.12934298648222464,20
SNY_20050131,12.04,,,1.7107377571322686,19,-0.07190958224830934,19
AZN_20030620,,,,3.1244638002930967,21,0.07445085572521037,21
GSK_20210817,,,,2.4956635582751203,21,0.055960091533220124,21
JNJ_20061219,,,,3.253175572626332,20,-0.0038793171690295614,20
TEVA_20240314,,,,1.5587778623878312,21,0.05731996826332031,21
AMPH_20190724,,,,2.793133531599243,21,-0.07364366035503456,21
BMY_20191108,15.2,12.93,-14.93421052631579,2.372213151948666,22,0.14336992927032255,22
MYL_20060127,,,,0.89671629623557,20,-0.02425556437994103,20
JNJ_20100903,16.48,26.0,57.76699029126213,5.190946601321523,22,-0.0032117472912457368,22
PFE_20200925,,,,12.347899248886398,21,-0.06899158334249711,21
AKCA_20181005,13.42,20.47,52.53353204172876,4.052009903617918,22,0.15393161212098305,22
XELA_20190415,,14.8,,2.6998251544169314,20,-0.018088027302439857,20
PFE_20240307,,13.11,,2.7273238414908554,21,0.023335013043762176,21
GSK_20010419,,,,5.4388131348893785,21,0.056221341755467114,21
MYL_20181109,22.96,,,2.843457680910932,22,0.07338905365574,22
RVNC_20220907,21.29,26.09,22.545796148426493,3.275205956511363,21,0.02290014110285976,21
JNJ_20060120,,,,0.89671629623557,19,0.0228671666271294,19
GSK_20190606,13.28,15.44,16.26506024096386,3.8475883797735024,21,-0.03387924456112057,21
VRTX_20191021,,,,2.1423397680889322,20,-0.010610290482843676,20
MYL_20200706,22.65,15.47,-31.699779249448117,6.080906549401681,19,-0.0984728669465792,19
BMY_20030624,,,,3.1244638002930967,20,0.13073264578660204,20
BAX_20240214,,,,2.688457811771267,21,-0.009498335234381039,21
RDY_20200730,,,,4.610418866691619,21,0.11243514662924081,21
BAX_20230929,,,,2.281969982262675,21,-0.10682329879993768,21
AZN_20010220,,,,3.2271561855998034,20,-0.052139183692762825,20
ABBV_20211028,,,,1.5203297030881509,22,0.018324315716433448,22
SLXP_20060227,,,,1.242628877587021,19,-0.07070334441842674,19
JNJ_20040316,,,,1.5498698617194917,20,-0.06749045672141762,20
ESPR_20200226,,,,9.664110131846188,21,0.22016440725047492,21
PDLI_20171214,,,,1.8399098201412358,21,-0.03594762622758996,21
ABBV_20170803,,11.45,,0.5172875567715111,21,-0.014920485288430707,21
LLY_20170928,,,,0.6329992053874736,21,0.0736931957328697,21
GSK_20170327,,,,0.8343124850924074,20,0.01804576220244014,20
GSK_20170918,,,,0.6329992053874736,19,0.0384528799568753,19
MYL_20060216,,,,1.0153163055052283,22,0.09727517921696571,22
PFE_20190723,,,,2.793133531599243,20,-0.019464004248980316,20
HSP_20111201,16.89,,,5.002777220978117,21,-0.10365770033328892,21
KDMN_20210716,,,,2.8872982576293893,21,-0.11249925346811607,21
ABBV_20220616,,,,2.4142219562038965,21,-0.1117926115539567,21
DNA_20040226,,,,1.390679799850374,21,-0.019288239394856466,21
PFE_20161214,,,,3.067191337837288,21,0.007365241012813328,21
JNJ_20220225,,,,3.3203446347070753,21,-0.05049331267416912,21
GENZ_20010507,25.85,29.94,15.822050290135396,4.552312881116314,19,0.08378639975283253,19
TEVA_20210730,,,,2.8872982576293893,21,-0.03389800640463869,21
MRK_20110513,,27.84,,4.582324729953783,21,0.10846268344814125,21
MDWD_20221228,,,,5.424710668473637,20,-0.15474898804486548,20
GSK_20230426,,,,2.0811187589993407,21,0.07358797501876757,21
NVO_20011101,,,,4.2197278853938,22,-0.01816384228017387,22
VIE_20200611,,29.48,,8.95963132653179,21,0.012668302530945086,21
GEHC_20240927,,,,3.3251638886134316,21,0.09572187588874659,21
HSP_20111114,,30.04,,5.807637390169868,20,-0.1491998352397501,20
SNY_20071019,,,,5.336626880550004,22,0.0037354967865359523,22
NVO_20050616,,,,0.9502702678970827,21,-0.04193738291146487,21
XEL_20160607,,13.65,,1.5264859520585645,20,0.039299641887236,20
BAX_20080805,25.78,22.36,-13.266097750193955,7.293460923947521,21,0.07470216792617457,21
