event_id,mean_event_pct,mean_baseline_pct,mean_diff_pct
NVS_20010925,2.781625,0.03592258064516126,2.745702419354839
PFE_20160819,0.18383333333333332,0.08767428571428575,0.09615904761904759
IRWD_20170818,-0.8037333333333334,-0.4006342857142857,-0.4030990476190477
ASND_20210825,5.41754,-0.42145882352941166,5.838998823529411
NVS_20211222,0.2218,-0.14707352941176471,0.3688735294117647
SNY_20040401,0.53625,-0.12111176470588236,0.6573617647058824
RETA_20230228,40.60765,0.9150705882352943,39.692579411764704
AZN_20050428,0.33340000000000003,0.2310470588235294,0.10235294117647062
TEVA_20160929,-2.1757,-0.07070882352941175,-2.104991176470588
GENZ_20060428,0.5803333333333333,-0.23010857142857147,0.8104419047619047
GSK_20230915,0.5165000000000001,0.0739171428571429,0.44258285714285706
PHAT_20240717,-1.0956199999999998,0.0016999999999999437,-1.0973199999999999
VERO_20191220,-7.313533333333335,-2.3760149999999993,-4.937518333333335
BMY_20110325,1.2638333333333334,0.020451428571428596,1.2433819047619046
JNJ_20180214,0.55526,-0.099665625,0.654925625
ATHN_20091203,2.7731,0.40215428571428585,2.370945714285714
KEY_20090501,-1.0057333333333331,0.6251457142857144,-1.6308790476190476
NVS_20230316,0.17900000000000005,-0.21374848484848483,0.39274848484848485
LLY_20031121,-0.6070333333333333,0.2529444444444444,-0.8599777777777777
NVS_20231205,-0.5589500000000001,0.06274285714285711,-0.6216928571428572
ABBV_20170607,0.7108800000000001,0.05529117647058826,0.6555888235294117
CTXR_20240807,-2.6097799999999998,1.4556250000000002,-4.065405
BMY_20021231,1.3823999999999999,-0.09041428571428571,1.4728142857142854
NVS_20040227,-0.7186333333333333,0.18953939393939384,-0.9081727272727272
XERS_20190910,-0.842625,-0.1594583333333333,-0.6831666666666667
TAK_20230927,-0.06625999999999999,0.19118823529411763,-0.25744823529411764
NVS_20071029,0.6549333333333334,0.0311628571428571,0.6237704761904762
GILD_20210610,0.500975,0.05030571428571428,0.45066928571428566
NVS_20240412,-0.8013666666666667,-0.04122058823529412,-0.7601460784313726
NVS_20100921,0.262725,0.27255999999999997,-0.009835000000000009
JAZZ_20200721,1.163225,-0.08035000000000003,1.243575
ABBV_20210928,0.19012500000000002,-0.2678571428571428,0.4579821428571428
LLY_20220513,0.8021666666666667,0.25426,0.5479066666666667
HRTX_20210512,-3.3149400000000004,0.13927647058823525,-3.454216470588235
AMGN_20190409,-0.4231500000000001,0.11581999999999996,-0.5389700000000001
TNXP_20160128,-1.5463,-4.036860000000001,2.4905600000000008
JNJ_20060623,-0.11193333333333336,0.16344857142857142,-0.27538190476190477
BLRX_20230908,-5.080566666666667,-0.6519527777777776,-4.428613888888889
AZN_20071115,0.6208,0.019968571428571356,0.6008314285714287
CALT_20211215,6.10082,-0.6057205882352945,6.706540588235295
MGNX_20201216,2.66974,-0.0031176470588233822,2.672857647058823
PHAT_20231101,0.6058000000000002,-1.2571647058823532,1.8629647058823535
PFE_20200227,-0.896475,-0.1851393939393939,-0.7113356060606061
LLY_20180531,0.626875,0.19612000000000002,0.430755
MRNS_20220318,11.1282,-1.0500970588235297,12.178297058823528
JNJ_20040316,0.13435,0.09013529411764709,0.04421470588235292
NVS_20100826,0.9337,0.0873705882352941,0.8463294117647059
FOLD_20200526,-1.2716333333333334,0.6735285714285713,-1.9451619047619046
HSP_20080507,-0.45817999999999987,-0.01894411764705884,-0.43923588235294103
AZN_20230428,-1.0797,0.30216571428571426,-1.3818657142857145
EPZM_20200618,-0.5809500000000001,-0.018991176470588293,-0.5619588235294117
JNJ_20090925,-0.2515,-0.02977142857142858,-0.2217285714285714
JAZZ_20210630,0.05368000000000005,0.23579117647058828,-0.18211117647058822
JNJ_20010810,0.6442666666666667,0.1171628571428571,0.5271038095238095
LXRX_20230526,1.4581666666666666,0.8630257142857145,0.5951409523809521
TGTX_20210205,3.7113666666666663,1.9835333333333336,1.7278333333333327
PTCT_20170209,-1.3254,0.07418124999999985,-1.39958125
AMGN_20240823,0.03159999999999997,0.11965428571428573,-0.08805428571428575
STE_20230822,0.07987500000000002,0.2105914285714286,-0.13071642857142857
MYL_20190911,1.1463999999999999,0.10185428571428572,1.0445457142857142
JNJ_20200501,-0.6863666666666667,0.4374542857142858,-1.1238209523809526
NOVN_20060406,-0.12730000000000005,0.4670264705882353,-0.5943264705882354
TEVA_20230217,-0.6158333333333335,0.6621151515151515,-1.277948484848485
HSP_20110804,-1.0428,-0.0517235294117647,-0.9910764705882353
AMGN_20160923,0.2741,0.12954571428571438,0.14455428571428566
NVS_20010301,1.6097000000000001,-0.1441090909090909,1.7538090909090909
OCUL_20181130,7.456166666666668,-0.6915833333333334,8.14775
BPMC_20201201,-1.625575,0.12979166666666658,-1.7553666666666665
UTHR_20090730,1.785525,0.14170294117647061,1.6438220588235293
BMY_20220909,0.7287333333333333,-0.3257861111111111,1.0545194444444443
TEVA_20200313,-3.1930999999999994,0.8516941176470592,-4.044794117647059
EGRX_20180515,1.14585,0.1957914285714286,0.9500585714285714
VRTY_20010629,2.6487333333333334,-0.2525942857142857,2.901327619047619
ALIM_20181012,0.6502333333333333,0.11031428571428578,0.5399190476190475
XEL_20170705,-0.103075,0.15689117647058823,-0.25996617647058823
ACTG_20200226,-2.3380400000000003,-0.2381484848484848,-2.0998915151515156
SIGA_20220518,13.10368,0.08491470588235296,13.018765294117648
REGN_20170328,0.894725,0.3303828571428571,0.5643421428571429
AADI_20211122,-2.4905,-1.056252777777778,-1.4342472222222222
AQST_20220830,-2.3629249999999997,2.604014285714286,-4.966939285714286
BMY_20110615,0.05234000000000001,0.0135060606060606,0.038833939393939414
YMAB_20201125,4.220550000000001,0.7858114285714285,3.4347385714285723
BDSI_20170323,-1.943775,0.21281470588235296,-2.156589705882353
PDLI_20171214,1.145025,-0.4393735294117647,1.5843985294117644
SLXP_20060802,0.41416000000000003,-0.4041529411764705,0.8183129411764707
HSP_20110308,0.36982499999999996,-0.06273823529411768,0.43256323529411767
GENZ_20090812,1.004,-0.3247735294117646,1.3287735294117646
LLY_20021126,1.7973333333333334,0.20464999999999997,1.5926833333333335
VNDA_20090506,126.92992000000001,0.5866882352941175,126.3432317647059
RDY_20200514,-0.9329000000000001,0.8320176470588234,-1.7649176470588235
BMY_20220318,0.6048666666666667,0.17462647058823524,0.4302401960784314
LLY_20211217,2.5291333333333337,0.11844571428571438,2.410687619047619
DNA_20030620,-0.8963333333333333,2.189497142857143,-3.085830476190476
SLXP_20060227,-0.7177666666666668,0.12002941176470586,-0.8377960784313727
AZN_20101105,-0.09903333333333333,0.04979428571428568,-0.14882761904761901
TAK_20210915,0.31134,-0.0012771428571428359,0.3126171428571428
FMS_20010402,-1.5793666666666668,-0.6114264705882353,-0.9679401960784314
JNJ_20170713,0.20002500000000004,0.22070882352941174,-0.020683823529411706
GSK_20210422,-0.15232500000000004,0.18814411764705882,-0.34046911764705884
INCY_20240814,0.35581999999999997,0.16398437499999996,0.191835625
SNTS_20060324,-0.4622,0.459202857142857,-0.921402857142857
MYL_20171201,1.1343666666666667,0.47440833333333354,0.6599583333333333
AZN_20221110,0.74325,-0.08561999999999997,0.82887
NVO_20171220,0.34215999999999996,0.09688823529411764,0.24527176470588233
AZN_20110228,0.302,0.29546571428571433,0.006534285714285661
PFE_20020927,0.7881666666666669,0.11729142857142855,0.6708752380952383
REGN_20111118,-1.989566666666667,-0.20068888888888883,-1.788877777777778
GILD_20201022,0.09182499999999999,-0.0812705882352941,0.17309558823529408
MRNS_20220727,-1.02516,0.5842687500000001,-1.6094287500000002
ACAD_20230310,0.02646666666666668,0.36677941176470596,-0.34031274509803927
XEL_20201020,-0.590025,0.17856571428571422,-0.7685907142857142
PSO_20110608,0.34762,0.09058235294117652,0.2570376470588235
NVO_20200828,-0.3154666666666667,0.0666085714285714,-0.3820752380952381
BCRX_20201203,4.8679,0.7975542857142859,4.070345714285714
UTHR_20220523,6.694866666666667,0.07534857142857143,6.619518095238096
GSK_20060608,-0.515425,0.2577264705882353,-0.7731514705882353
BHC_20001127,-0.25096666666666667,-0.4042777777777779,0.15331111111111123
GCO_20230414,-1.1118333333333335,-0.534655882352941,-0.5771774509803923
WSM_20240731,-2.04842,0.0720757575757576,-2.1204957575757577
NVS_20001222,-0.13110000000000002,0.2854885714285714,-0.4165885714285714
AMPH_20230307,-0.514825,0.44095588235294125,-0.9557808823529412
PFE_20230623,-0.8886,0.020031428571428513,-0.9086314285714285
EGRX_20200208,-0.3653,0.0075575757575757465,-0.3728575757575757
ACER_20221222,4.31975,1.9054617647058822,2.4142882352941175
APLS_20230217,2.457,0.15486060606060614,2.3021393939393935
SNTS_20041221,-1.84075,0.20979428571428582,-2.050544285714286
JNJ_20001130,0.11237499999999997,0.057765714285714254,0.05460928571428572
VRX_20170215,1.37652,0.06575937500000001,1.3107606250000001
NVS_20090330,1.0525666666666664,-0.22357999999999992,1.2761466666666663
GENZ_20100524,0.4594999999999999,-0.17331428571428567,0.6328142857142856
MRTX_20221212,1.5771333333333335,0.8897942857142858,0.6873390476190477
NVO_20061229,-0.2591333333333333,0.3514828571428572,-0.6106161904761905
TEVA_20090807,-1.2412333333333332,0.19738571428571422,-1.4386190476190475
ABBV_20220824,-0.7825199999999999,-0.15948823529411776,-0.6230317647058822
PDLI_20080118,-1.0091,-0.29851515151515157,-0.7105848484848486
TEVA_20000915,-0.024999999999999953,0.3390085714285716,-0.3640085714285715
BMY_20200325,1.82436,-0.4283382352941176,2.252698235294117
PFE_20170817,-0.48215,0.08949117647058824,-0.5716411764705883
JNJ_20090424,-0.9813333333333334,-0.17005428571428574,-0.8112790476190476
NVS_20190318,0.06836666666666667,0.1438794117647059,-0.07551274509803922
MRK_20111007,0.2761666666666667,0.047534285714285716,0.22863238095238098
JNJ_20230811,0.13076666666666664,0.14484117647058817,-0.014074509803921526
BMY_20030620,-0.18630000000000008,0.4914057142857144,-0.6777057142857145
PFE_20031114,2.4942,-0.018361111111111064,2.5125611111111112
PMC_20040130,-1.1994999999999998,0.1603545454545455,-1.3598545454545454
BMRN_20050531,-1.0383666666666669,0.9156694444444443,-1.9540361111111113
BMY_20091105,0.9855499999999999,0.07597352941176475,0.9095764705882352
JAZZ_20200615,1.8534333333333333,0.3733314285714286,1.4801019047619048
TNXP_20190125,0.8853666666666664,-0.5144031249999996,1.399769791666666
HRTX_20220916,-0.14646666666666672,1.1291571428571434,-1.2756238095238102
JNJ_20190412,0.10133333333333333,0.15976,-0.05842666666666669
NVS_20010510,0.7447749999999999,-0.12315882352941171,0.8679338235294116
NVO_20000620,0.338825,0.6476441176470589,-0.3088191176470589
LLY_20090522,-0.18209999999999998,0.2524742857142857,-0.43457428571428564
LNTH_20210526,2.71058,0.22379705882352943,2.486782941176471
MYL_20180228,-0.2246800000000001,0.007400000000000047,-0.23208000000000012
VRTX_20180807,0.07772500000000002,0.5158571428571429,-0.43813214285714286
GILD_20011026,0.8161333333333335,0.2723034482758621,0.5438298850574714
PFE_20220114,-1.0307666666666666,0.4179470588235292,-1.4487137254901958
GSK_20230201,-0.26548,0.016996874999999984,-0.282476875
ALNY_20201123,0.21056666666666668,-0.005952777777777766,0.21651944444444443
TAK_20211123,-0.8625333333333334,-0.458086111111111,-0.40444722222222235
MYL_20180205,-1.2953,0.6725303030303031,-1.9678303030303033
ABBV_20211028,1.4119,-0.21578235294117643,1.6276823529411764
TRVN_20200807,-5.244533333333334,1.5495314285714288,-6.794064761904763
INCY_20111116,-0.5080399999999999,-0.21414857142857147,-0.2938914285714285
AMGN_20240516,0.5115250000000001,0.45646470588235294,0.055060294117647166
JNJ_20180717,0.022524999999999976,0.06980882352941177,-0.04728382352941179
BIIB_20210607,13.7155,0.004363888888888857,13.711136111111111
AMGN_20020131,0.729425,-0.5739363636363636,1.3033613636363635
ABBV_20210610,0.536075,0.1862999999999999,0.34977500000000006
AZPN_20001220,2.9415999999999998,-0.4460000000000003,3.3876000000000004
CRMD_20231115,4.65142,-0.2788885714285714,4.930308571428571
BAX_20081224,-0.398625,-0.36852058823529404,-0.030104411764705994
ACAD_20160429,-0.3276,1.880064705882353,-2.207664705882353
RDY_20200730,3.208125,0.11535882352941183,3.092766176470588
ALKS_20180629,-0.9100000000000003,0.37784,-1.28784
AZN_20170501,0.2784,0.0604942857142857,0.2179057142857143
BMY_20051227,0.27846666666666664,0.05000857142857143,0.22845809523809524
ALC_20071129,1.09795,-0.8086628571428569,1.9066128571428569
NVO_20100125,2.6203,0.13463333333333333,2.4856666666666665
ALVO_20230509,-1.07815,-0.6378171428571427,-0.4403328571428572
AMRX_20240726,0.046300000000000015,0.4258272727272728,-0.37952727272727277
PFE_20060329,-0.8585799999999999,0.08079705882352944,-0.9393770588235293
PFE_20021226,-1.4745333333333333,-0.11120294117647057,-1.3633303921568627
AZN_20200723,-1.237825,-0.06661515151515145,-1.1712098484848488
EVFM_20200522,0.6414333333333334,0.7864628571428571,-0.1450295238095237
AUPH_20210122,2.9950999999999994,0.003663636363636369,2.991436363636363
TEVA_20081020,0.11383333333333331,-0.4467771428571428,0.5606104761904761
CPIX_20110208,0.5287499999999999,-0.5766029411764708,1.1053529411764709
SCPH_20221007,-5.884999999999999,0.02493428571428571,-5.909934285714285
BMY_20050107,-0.17329999999999998,0.18802941176470583,-0.36132941176470584
GBT_20191125,5.682933333333332,-0.2618861111111111,5.944819444444444
AMRX_20180802,0.5643499999999999,-0.17984411764705896,0.7441941176470589
PFE_20191105,-0.73525,0.036736111111111115,-0.771986111111111
PBYI_20170717,2.3460666666666667,2.8980647058823537,-0.5519980392156867
LLY_20010226,1.5186666666666668,-0.4577235294117647,1.9763901960784314
AZN_20231221,0.12937500000000002,-0.021,0.15037500000000004
AZN_20171031,0.4674000000000001,0.43431714285714285,0.03308285714285729
ANIP_20220114,-1.3751666666666669,0.13282647058823527,-1.5079931372549022
AMGN_20210528,-0.5553666666666668,0.027157142857142838,-0.5825238095238096
LLY_20040204,1.37664,0.03823124999999994,1.3384087500000001
LQDA_20211104,2.103525,0.8624764705882353,1.2410485294117646
BGNE_20240313,1.4893400000000006,-0.11471212121212104,1.6040521212121215
IPXL_20010917,-5.011533333333333,0.5970228571428571,-5.608556190476191
RIGL_20221201,4.520425,-1.1050971428571426,5.625522142857143
SNY_20161121,-0.49196666666666666,0.24808611111111117,-0.7400527777777779
COLL_20160426,-0.14897499999999997,-0.031039999999999957,-0.11793500000000003
EPZM_20200123,-4.001049999999999,1.277746875,-5.278796874999999
MRK_20001208,-0.026900000000000073,0.5518400000000001,-0.5787400000000003
JNJ_20221025,0.5311,-0.03921999999999999,0.57032
TEVA_20210730,2.8599,-0.6107058823529413,3.4706058823529418
ACRS_20171214,-0.61175,-0.43431176470588256,-0.17743823529411742
NVO_20000607,-0.41218,0.5329088235294118,-0.9450888235294118
MDGL_20180613,1.3262200000000002,4.237147058823529,-2.910927058823529
NVS_20090428,0.7204,0.033648571428571354,0.6867514285714287
TEVA_20200821,-1.9040666666666664,-0.13747428571428574,-1.7665923809523805
MIRM_20210929,0.9677,0.6844470588235293,0.2832529411764707
XEL_20160607,0.30269999999999997,0.015561111111111125,0.28713888888888883
JNJ_20090731,-0.010833333333333355,0.19945428571428578,-0.21028761904761914
SNY_20200302,3.0673999999999997,0.04047647058823532,3.0269235294117642
MRK_20190716,0.916325,0.2552382352941177,0.6610867647058822
AMPH_20041026,0.40025,0.17017714285714286,0.23007285714285713
OYST_20211015,2.8287666666666667,-0.6202057142857142,3.448972380952381
INCY_20210921,-2.0352750000000004,-0.2790085714285714,-1.7562664285714287
DNA_20040226,3.2102749999999998,0.11982727272727269,3.090447727272727
LLY_20180226,-0.7215666666666666,-0.2205529411764706,-0.5010137254901961
ALNY_20220613,0.8883333333333333,-0.7975617647058824,1.6858950980392158
AZN_20010213,-0.018674999999999962,-0.19213636363636363,0.1734613636363637
EXEL_20031009,-0.43507499999999993,0.45155882352941173,-0.8866338235294117
LLY_20191011,0.36506666666666665,-0.023639999999999987,0.38870666666666664
GENZ_20010507,1.2886333333333333,0.4144714285714286,0.8741619047619047
INCY_20200417,3.1180333333333334,0.3119542857142857,2.806079047619048
MRK_20160128,-0.09830000000000004,-0.31327,0.21496999999999997
BMY_20200901,-0.93325,0.15240857142857142,-1.0856585714285714
TARS_20230724,-5.735666666666666,0.3051727272727271,-6.040839393939393
GENZ_20000712,-0.2935000000000001,0.5518382352941177,-0.8453382352941179
TEVA_20041029,0.6651,-0.45723142857142857,1.1223314285714285
BHC_20231020,-1.9378666666666666,-0.21876285714285715,-1.7191038095238094
EXEL_20190523,0.9873500000000001,-0.4461617647058824,1.4335117647058824
AZPN_20040510,-2.0021,-0.2255,-1.7766
CPRX_20231026,-0.8921750000000003,-0.29791470588235297,-0.5942602941176472
AMRX_20220413,-1.93645,-0.2868588235294119,-1.649591176470588
PFE_20171213,0.8078399999999999,0.029211764705882347,0.7786282352941176
CHRS_20231027,-6.830533333333334,-0.44317999999999996,-6.387353333333334
AMPH_20190724,0.35582,-0.1320666666666666,0.48788666666666664
NVS_20240424,0.6525199999999999,-0.1961088235294118,0.8486288235294117
TARO_20000412,-4.65618,-0.42042941176470594,-4.235750588235295
LLY_20240410,-0.83924,0.16990000000000005,-1.00914
PFE_20021017,2.0125,-0.40378235294117665,2.416282352941177
HRTX_20160809,1.75115,-0.4010771428571429,2.152227142857143
JNJ_20000801,0.942625,0.16641714285714285,0.7762078571428572
ACTG_20200702,0.5787333333333333,1.4944764705882352,-0.915743137254902
MRK_20071012,-0.0722333333333333,0.11318285714285717,-0.18541619047619048
TEVA_20170127,2.0001333333333333,-0.307,2.3071333333333333
HALO_20230620,0.46710000000000007,0.047045714285714316,0.4200542857142857
NVO_20050616,0.377075,-0.3739882352941175,0.7510632352941176
PFE_20230814,-0.5159,-0.30521176470588235,-0.21068823529411768
PFE_20020611,0.633975,-0.30537428571428565,0.9393492857142857
PFE_20210621,0.21333333333333337,0.11572571428571429,0.0976076190476191
SNY_20090701,1.5137249999999998,0.48309411764705884,1.0306308823529409
PFE_20220502,0.40943333333333337,0.0990885714285714,0.3103447619047619
MYL_20170802,-3.17018,0.017799999999999958,-3.18798
AZN_20110720,-0.03856000000000005,-0.06288181818181823,0.024321818181818177
SRPT_20210225,1.169275,-1.3213424242424243,2.490617424242424
PFE_20181102,0.03949999999999995,0.19636857142857145,-0.1568685714285715
SRPT_20191212,6.604450000000001,0.9071029411764704,5.697347058823531
XELA_20190415,-2.414933333333334,-0.6094771428571428,-1.8054561904761912
EYEN_20240304,-10.099233333333334,-0.18740294117647058,-9.911830392156864
SF_20020826,0.0018000000000000075,-0.02788571428571428,0.029685714285714287
NVS_20070313,0.041475,-0.1542323529411765,0.19570735294117647
UTHR_20180730,-1.6977000000000002,0.40074857142857145,-2.098448571428572
NVS_20051102,0.27266,0.20256764705882357,0.07009235294117644
FDN_20090710,0.4719,0.07622571428571427,0.39567428571428576
NVS_20000816,0.36004,-0.004367647058823484,0.3644076470588235
SNY_20210716,-0.17350000000000004,-0.01624705882352942,-0.15725294117647062
LLY_20170928,0.2658,0.0007529411764705784,0.2650470588235294
BMRN_20170427,0.618475,0.09116470588235291,0.5273102941176471
ALC_20000223,-1.128975,0.37824137931034474,-1.5072163793103448
HRTX_20171109,0.553125,-0.13975999999999997,0.692885
AKCA_20181005,0.8010999999999999,0.1699714285714286,0.6311285714285713
JNJ_20000303,0.6937,-0.5073352941176471,1.201035294117647
CCXI_20211007,25.472925000000004,0.5470499999999999,24.925875
ASND_20240809,0.39633333333333337,-0.04478823529411763,0.441121568627451
BAX_20020321,0.19229999999999997,0.12569375000000002,0.06660624999999994
MDWD_20221228,4.159675,0.42772941176470597,3.7319455882352943
NVS_20211029,-0.8153666666666667,-0.3139028571428573,-0.5014638095238093
MRK_20240326,1.6154000000000002,0.05629142857142859,1.5591085714285715
BMRN_20071213,6.939975,0.1365676470588235,6.803407352941177
BHC_20001221,0.27770000000000006,-0.03462647058823526,0.3123264705882353
SNY_20220831,-0.3608,-0.5990029411764705,0.23820294117647048
AAPL_20060519,-0.21709999999999993,0.3389342857142858,-0.5560342857142858
BMY_20240926,0.45815000000000006,-0.06606470588235287,0.524214705882353
BAX_20230929,0.37403333333333333,-0.5234114285714286,0.8974447619047619
JNJ_20160920,0.256,-0.1422028571428571,0.3982028571428571
BAX_20210115,-0.19346666666666668,-0.06778181818181815,-0.1256848484848485
TEVA_20060217,0.5929666666666666,-0.29033030303030305,0.8832969696969697
DEPO_20050519,2.1952000000000003,0.1745294117647059,2.020670588235294
BMY_20051223,0.7378,-0.012379999999999967,0.75018
RDY_20191004,-0.01056666666666671,0.2241057142857143,-0.23467238095238102
BIIB_20191029,0.919225,0.05386470588235297,0.865360294117647
AMGN_20191206,0.14336666666666664,0.5276694444444445,-0.3843027777777779
BHC_20190425,0.9656500000000002,0.14173142857142854,0.8239185714285717
PFE_20190627,-0.24735000000000004,0.22804999999999995,-0.47539999999999993
RDY_20210614,-0.22949999999999998,0.38279428571428575,-0.6122942857142858
SWTX_20231127,7.672966666666668,-0.29205833333333325,7.965025000000002
MMM_20010607,0.027325000000000006,0.4856882352941177,-0.4583632352941177
JNJ_20060120,-0.25026666666666664,0.024106060606060586,-0.2743727272727272
HSP_20110202,-0.7809400000000003,-0.08328484848484852,-0.6976551515151518
ZEAL_20210322,0.4527666666666666,-0.3509285714285713,0.8036952380952379
GILD_20160404,1.1651666666666667,0.18520285714285714,0.9799638095238095
NVS_20070928,-0.059200000000000016,0.06731428571428566,-0.1265142857142857
SPPI_20220909,1.5173333333333336,1.0537694444444448,0.4635638888888889
MYL_20180816,0.41632500000000006,-0.030423529411764703,0.4467485294117647
LLY_20230127,-0.4086,-0.02137575757575757,-0.38722424242424247
ADCT_20210423,0.47540000000000016,-0.7422057142857141,1.2176057142857144
GILD_20170718,0.9950500000000001,0.24289117647058817,0.7521588235294119
BMY_20021021,-0.13233333333333333,-0.36880285714285715,0.2364695238095238
ABBV_20160603,1.0999333333333334,0.12419999999999992,0.9757333333333333
AZN_20190502,0.159425,-0.20680000000000004,0.3662250000000001
JNJ_20001016,-0.5315,-0.12493142857142861,-0.40656857142857133
PFE_20230627,-1.4452500000000001,0.13813428571428568,-1.5833842857142857
JNJ_20061219,-0.10802500000000001,-0.07029142857142857,-0.03773357142857142
MYL_20180710,-0.274925,-0.12205428571428567,-0.15287071428571433
ALC_20080724,0.9972500000000001,-0.5807593750000001,1.5780093750000002
SNTS_20050603,1.9281000000000004,-1.0645333333333336,2.992633333333334
VIE_20200611,-1.5102750000000003,1.2898147058823528,-2.800089705882353
AZN_20010220,2.5140333333333333,-0.38236666666666663,2.8964
JNJ_20240819,0.42519999999999997,0.2811628571428572,0.14403714285714275
AMGN_20080822,0.03740000000000002,1.0284285714285715,-0.9910285714285715
SGEN_20210920,2.6934000000000005,0.13516857142857158,2.5582314285714287
ABBV_20170803,0.3843,0.335685294117647,0.04861470588235291
JNJ_20071116,0.22060000000000002,0.057655555555555585,0.16294444444444442
ITCI_20191220,-1.0305666666666669,1.0208514285714283,-2.051418095238095
TEVA_20190905,0.41669999999999996,-0.7634371428571426,1.1801371428571426
AZN_20221021,-0.5871000000000002,-0.5958371428571427,0.00873714285714259
GILD_20160301,-0.06319999999999998,-0.41691212121212123,0.35371212121212126
PFE_20190503,0.6364333333333333,-0.29754571428571425,0.9339790476190475
ABBV_20200304,0.7538599999999998,0.26114545454545457,0.49271454545454524
NVO_20080623,1.2826,-0.12674571428571435,1.4093457142857142
JNJ_20010507,0.1670666666666667,0.03720571428571422,0.12986095238095247
PFE_20191115,0.2866333333333334,0.08780833333333334,0.19882500000000003
STML_20181221,-7.337366666666665,-1.0993705882352938,-6.2379960784313715
SNY_20210806,-0.4029,-0.04026285714285714,-0.3626371428571428
ARM_20091016,-1.4457666666666666,-0.16962285714285716,-1.2761438095238096
AMGN_20060927,0.18490000000000006,0.033873529411764684,0.15102647058823537
NBIX_20170411,7.364299999999998,-0.10046857142857138,7.4647685714285705
AAPL_20031114,-0.07043333333333346,0.04172499999999999,-0.11215833333333344
JNJ_20041021,-0.00687499999999998,-0.08622941176470589,0.07935441176470591
TEVA_20050520,0.041100000000000005,0.23117428571428567,-0.19007428571428564
CHRS_20211217,-0.07613333333333348,0.12406000000000002,-0.2001933333333335
PFE_20180720,-0.2834333333333334,0.12421470588235296,-0.4076480392156864
MYL_20181109,0.47753333333333325,-0.5508055555555555,1.0283388888888887
AQST_20240426,-1.5156666666666665,1.5357285714285713,-3.0513952380952376
ALVO_20240416,1.3043,-0.740920588235294,2.0452205882352943
SLXP_20040525,-4.2893,0.6447628571428572,-4.934062857142857
PFE_20090313,3.678033333333334,-1.0771676470588232,4.755200980392157
TEVA_20240314,0.15435,0.5555636363636364,-0.40121363636363644
TEVA_20070201,0.40195,0.2124290322580645,0.18952096774193547
BDX_20021007,-0.6415333333333333,0.008934285714285754,-0.6504676190476191
BAX_20191213,0.6720666666666666,-0.18847428571428573,0.8605409523809523
EVOK_20200619,-1.6009666666666669,2.0445714285714285,-3.6455380952380954
JNJ_20240315,-0.9426333333333333,-0.021473529411764745,-0.9211598039215686
TVTX_20230217,-4.2154333333333325,0.37528787878787867,-4.5907212121212115
JNJ_20220225,1.0365,-0.04153714285714284,1.0780371428571427
UWMC_20231213,3.99206,0.4229705882352942,3.569089411764706
CTIC_20220228,17.345466666666667,-0.195097142857143,17.54056380952381
CELG_20060525,2.076225,-0.03494411764705885,2.1111691176470586
TEVA_20060516,-0.16975,0.12043142857142855,-0.29018142857142853
BMY_20231115,0.09834,-0.27741142857142853,0.37575142857142857
SCYX_20210601,-4.277166666666667,0.18052,-4.4576866666666675
BMRN_20211119,4.107433333333333,0.21470000000000006,3.8927333333333327
GERN_20240606,4.9182749999999995,0.20630000000000015,4.711975
GENZ_20081215,1.278,-0.0551714285714284,1.3331714285714285
AZN_20050316,-0.58576,0.5448848484848486,-1.1306448484848484
MYL_20200706,0.5753666666666667,-0.03265714285714294,0.6080238095238096
TEVA_20161020,1.3087250000000001,-0.4663176470588234,1.7750426470588234
SIGA_20180713,4.538066666666666,-0.13757428571428568,4.6756409523809515
BIIB_20230929,-0.13433333333333333,-0.12721428571428572,-0.007119047619047621
PFE_20230525,-0.7325000000000002,-0.1944,-0.5381000000000002
JNJ_20110520,-0.3564,0.32964857142857146,-0.6860485714285715
ALVO_20240223,0.14463333333333342,1.0652363636363638,-0.9206030303030303
XELA_20220720,9.53496,-2.536225,12.071185
NVS_20010820,1.2135333333333331,-0.1309028571428571,1.3444361904761903
PFE_20020524,-0.3752,-0.24436571428571432,-0.13083428571428563
ARM_20090730,9.220225,1.2658088235294116,7.9544161764705885
SLXP_20080424,0.9364000000000001,0.23639117647058822,0.700008823529412
SGEN_20200417,3.4323,0.25096285714285715,3.1813371428571426
MRK_20040326,0.050566666666666676,-0.029965714285714293,0.08053238095238097
PFE_20221215,-0.32944999999999997,0.5455911764705882,-0.8750411764705881
GILD_20240814,0.035920000000000014,0.5239575757575757,-0.48803757575757567
AMRX_20211122,0.011566666666666784,0.1554500000000001,-0.1438833333333333
LLY_20200528,0.3198999999999998,0.5387735294117646,-0.21887352941176486
HSP_20010709,-2.17,0.8736942857142858,-3.0436942857142855
AZN_20231116,0.174475,-0.17386000000000001,0.348335
HSP_20111114,-1.4591333333333334,-0.4943083333333334,-0.9648249999999999
NVS_20061025,-0.002620000000000018,0.026352941176470617,-0.02897294117647064
ARQT_20220729,3.3259666666666665,0.44372727272727275,2.8822393939393938
TEVA_20060525,0.41434999999999994,-0.28939705882352945,0.7037470588235294
PFE_20160223,0.9246250000000001,-0.2856931034482758,1.210318103448276
MYL_20200611,-3.9949,0.2291588235294118,-4.224058823529411
MOR_20200731,-0.41330000000000006,0.31228,-0.7255800000000001
XELA_20230208,1.2393599999999998,-1.9575906249999997,3.1969506249999995
AZN_20081219,-0.5326,0.11757428571428583,-0.6501742857142858
MAIA_20221122,1.4002333333333332,0.418975,0.9812583333333333
PFE_20110721,0.54565,-0.07046666666666669,0.6161166666666666
XRAY_20031219,-0.5565,-0.01859142857142858,-0.5379085714285714
MRK_20090227,-5.313133333333334,-0.0012212121212121334,-5.311912121212122
REGN_20201014,-0.06203999999999995,-0.21273823529411764,0.1506982352941177
IMPL_20210902,2.875175,1.5642441176470596,1.3109308823529404
SNTS_20091204,5.155233333333334,0.691427777777778,4.463805555555556
GILD_20040802,-0.9138333333333334,-0.24586969696969693,-0.6679636363636364
BIIB_20161223,0.23103333333333326,-0.014388571428571396,0.24542190476190465
ACAD_20180628,-1.23015,-0.0435382352941177,-1.1866117647058825
TEVA_20170117,-0.4860333333333332,-0.2612969696969697,-0.2247363636363635
NVS_20190213,0.23286,0.01711249999999997,0.21574750000000004
TEVA_20231129,0.34894000000000003,-0.30938571428571404,0.6583257142857141
NVO_20170929,0.02143333333333334,0.45675428571428583,-0.4353209523809525
GILD_20221222,-0.48232499999999995,0.7956617647058825,-1.2779867647058825
GILD_20050928,1.1688800000000001,0.1132294117647059,1.0556505882352942
PRGO_20090518,0.6738,0.44105142857142854,0.23274857142857147
LJPC_20200529,-10.807533333333334,1.5524228571428575,-12.359956190476192
MRK_20200124,-1.4949333333333334,0.1646848484848485,-1.6596181818181819
VRX_20050908,0.30147499999999994,0.25463142857142856,0.0468435714285714
GSK_20090508,0.3858333333333333,0.29801428571428573,0.08781904761904756
NVS_20110701,0.6469666666666666,0.06501142857142861,0.5819552380952381
PRGO_20040624,0.799075,-0.3103937499999999,1.1094687499999998
GSK_20080613,0.25803333333333334,0.04965588235294119,0.20837745098039212
GKOS_20231213,7.039675000000001,0.016900000000000054,7.022775
XELA_20211028,-4.1347000000000005,-0.9390147058823529,-3.1956852941176477
BMY_20060628,0.27959999999999996,-0.016564705882352898,0.2961647058823529
NVO_20190920,1.2762,0.19017714285714288,1.0860228571428572
FOLD_20180810,-0.5869333333333334,-0.27120285714285713,-0.3157304761904763
JNJ_20020822,-0.4690000000000001,0.16587941176470583,-0.634879411764706
BAX_20170420,0.02857500000000001,0.18511470588235288,-0.15653970588235286
GEHC_20240927,-0.07736666666666668,0.22146857142857135,-0.29883523809523804
TGTX_20221228,10.292724999999999,1.534655882352941,8.758069117647059
RDY_20031031,0.46806666666666663,0.18612857142857142,0.2819380952380952
RDY_20191021,1.0057666666666667,0.18667142857142857,0.8190952380952382
AXSM_20190320,3.86054,0.5958787878787879,3.2646612121212124
PFE_20220622,2.6161,0.14753529411764707,2.468564705882353
NVS_20170428,0.34509999999999996,-0.04546285714285712,0.39056285714285705
AAPL_20101008,0.5912666666666667,0.33276000000000006,0.2585066666666666
SGP_20060915,0.815,0.35784285714285724,0.45715714285714265
SRPT_20160919,29.535899999999998,0.7388514285714287,28.79704857142857
MDCO_20170829,-0.08069999999999998,-0.23534000000000008,0.15464000000000008
GILD_20070615,0.8027666666666667,0.19679714285714273,0.605969523809524
MRK_20110513,0.28426666666666667,0.30238285714285706,-0.018116190476190383
NVS_20090617,0.007100000000000006,0.23955,-0.23245000000000002
BMRN_20030430,-0.6715800000000001,0.41450588235294117,-1.0860858823529411
JNJ_20230809,0.56806,0.2699363636363636,0.2981236363636364
XELA_20180711,0.37704000000000004,0.15629705882352943,0.2207429411764706
PFE_20230309,-1.060225,-0.5637363636363637,-0.4964886363636364
AMGN_20190422,0.1634,0.08198888888888889,0.08141111111111111
REGN_20230818,0.2756333333333334,-0.010420588235294126,0.2860539215686275
GILD_20180207,-0.5329600000000001,0.4767343749999999,-1.009694375
CPIX_20090911,-1.1379666666666668,-0.03666428571428572,-1.1013023809523812
KG_20070227,-0.07334999999999989,0.460530303030303,-0.5338803030303029
PFE_20011116,0.20443333333333333,0.27681388888888875,-0.07238055555555543
ALC_20010316,-0.5449666666666666,-0.1333294117647059,-0.4116372549019607
SLXP_20100324,2.4807,0.5172676470588234,1.9634323529411766
JNJ_20161019,-0.70386,-0.014641176470588222,-0.6892188235294119
SNY_20071019,-0.7520333333333333,0.31475428571428576,-1.066787619047619
PDLI_20171114,-1.5130000000000001,-0.10281111111111109,-1.410188888888889
AZN_20170227,-0.03376666666666667,0.26617352941176475,-0.2999401960784314
TEVA_20101222,0.377875,0.09641176470588236,0.28146323529411765
VIVO_20021217,-0.7317,0.3078628571428572,-1.0395628571428572
TEVA_20160429,-0.6239666666666667,-0.08789714285714285,-0.5360695238095239
ALXN_20181221,-3.685666666666667,-0.23018529411764707,-3.45548137254902
ARRY_20180627,-2.81902,0.7581029411764706,-3.5771229411764707
HSP_20060915,0.7655333333333334,-0.29450571428571426,1.0600390476190478
VRTX_20110523,0.3508333333333334,0.7136029411764707,-0.36276960784313733
EXEL_20220629,-0.5460599999999999,-0.4875764705882353,-0.05848352941176457
JNJ_20011120,0.5169666666666667,0.3637444444444445,0.1532222222222222
BHC_20181106,3.1033999999999997,0.3235194444444445,2.7798805555555552
RDHL_20191101,1.1054000000000002,-0.3452714285714284,1.4506714285714286
TAK_20240209,0.1953666666666666,0.1528636363636364,0.04250303030303021
BTAI_20220405,-4.816025,1.19454,-6.010565000000001
BMY_20040519,-0.46185999999999994,0.13352058823529414,-0.5953805882352942
BMY_20191108,0.9545,0.4209888888888889,0.533511111111111
EXEL_20200330,-1.4581666666666666,-0.3450314285714285,-1.1131352380952382
NVS_20200506,0.36371999999999993,0.17805588235294126,0.18566411764705867
SGP_20030729,-0.41459999999999997,-0.2748628571428572,-0.13973714285714275
NVS_20220323,0.018679999999999992,-0.03471470588235291,0.05339470588235291
ALXN_20070316,3.4746333333333332,-0.40296470588235295,3.8775980392156857
RARE_20171115,0.36138000000000003,-0.2835257142857144,0.6449057142857144
GENZ_20041228,0.84565,0.20068857142857144,0.6449614285714287
INSM_20051212,6.6829,0.30732857142857156,6.375571428571429
WYE_20030716,0.35548000000000013,0.2044454545454546,0.15103454545454553
BIIB_20041123,1.9266666666666665,0.0057027777777777944,1.9209638888888887
NVS_20091125,1.0517,0.2508857142857142,0.8008142857142858
NVS_20020222,0.4137,0.20679062500000003,0.20690937499999998
PFE_20181016,0.13725,0.23366857142857134,-0.09641857142857133
MRK_20040901,0.31812,-0.04497941176470583,0.36309941176470584
MMT_20060928,0.00022499999999999734,0.055014705882352966,-0.05478970588235297
DCPH_20200515,0.14339999999999953,1.092625714285714,-0.9492257142857145
JAZZ_20160330,2.46148,-0.2122176470588235,2.6736976470588236
AZN_20170817,0.017575,-0.35198823529411766,0.36956323529411766
RIGL_20200904,-2.3155999999999994,1.5244305555555553,-3.840030555555555
AZN_20030620,-1.8218999999999999,0.6592085714285716,-2.4811085714285714
NVS_20010216,0.6231666666666666,0.14419999999999997,0.4789666666666667
SPIL_20180126,0.2725333333333333,0.012572727272727282,0.259960606060606
AZN_20060721,1.403,0.39112647058823535,1.0118735294117647
TARO_20051004,-0.05537500000000004,0.10581428571428582,-0.16118928571428587
RDY_20060915,1.0440999999999998,0.39876000000000017,0.6453399999999997
GILD_20190828,0.3281200000000001,-0.18967058823529417,0.5177905882352942
GILD_20060712,-0.27470000000000006,0.2070323529411765,-0.48173235294117656
MYL_20061215,-0.4498333333333333,-0.06906571428571426,-0.3807676190476191
ATHA_20210323,-1.5974500000000003,0.27950857142857155,-1.876958571428572
GSK_20030904,1.1467,-0.1582428571428572,1.3049428571428572
LQDA_20240816,2.0218666666666665,-0.4289147058823529,2.4507813725490197
BIIB_20230425,0.0037249999999999957,0.17193714285714287,-0.16821214285714287
JNJ_20030402,0.16444,0.2912470588235294,-0.1268070588235294
MRK_20061006,-0.09889999999999996,0.0788857142857143,-0.17778571428571427
AZN_20160425,-0.7577666666666667,0.057597142857142826,-0.8153638095238095
JNJ_20070427,-0.16490000000000002,-0.04866000000000001,-0.11624000000000001
INSM_20180928,-1.5452666666666668,-0.6385029411764706,-0.9067637254901963
JNJ_20110428,0.62375,0.04717714285714285,0.5765728571428571
PRTK_20181002,4.1949749999999995,-0.01906857142857147,4.214043571428571
NVS_20190326,0.5890749999999999,0.31129428571428575,0.27778071428571416
BLCO_20230518,1.13535,0.2993352941176471,0.8360147058823529
JAZZ_20080228,-0.5997250000000001,-0.7455272727272727,0.1458022727272726
UTHR_20020521,1.33295,-0.026120000000000004,1.35907
BAX_20100728,-0.09424000000000003,0.04471212121212125,-0.13895212121212128
AZN_20220803,-0.05701999999999999,-0.002184848484848492,-0.054835151515151496
APLS_20210514,-1.7233333333333334,0.24192285714285713,-1.9652561904761903
PMC_20030325,-0.6391000000000001,-0.2370114285714285,-0.4020885714285716
AZN_20061020,1.5774666666666666,-0.035694285714285706,1.6131609523809523
JNJ_20050401,-0.5260333333333335,0.11149999999999996,-0.6375333333333334
ABBV_20180216,1.9734666666666667,0.41887878787878785,1.5545878787878789
XEL_20191003,-0.08832500000000013,0.2502147058823529,-0.33853970588235305
TEVA_20180914,1.4630333333333334,-0.004834285714285776,1.4678676190476192
CHRS_20220802,5.775824999999999,0.002849999999999871,5.772975
SNY_20100617,-0.25605,-0.5031823529411762,0.2471323529411762
ABBV_20160411,0.6644333333333333,0.24875882352941173,0.41567450980392157
MYL_20060127,0.04646666666666673,-0.06816666666666665,0.11463333333333338
PGNX_20180730,0.5856333333333335,0.29912285714285725,0.2865104761904762
PFE_20240307,1.281,-0.12876969696969698,1.409769696969697
AZN_20090731,-0.2510666666666666,0.27544,-0.5265066666666666
VRTX_20191021,2.652433333333333,-0.25021142857142853,2.9026447619047615
MYL_20180604,1.4064666666666665,-0.08373611111111107,1.4902027777777775
CBST_20110527,1.8940333333333332,0.9834714285714282,0.9105619047619051
CEPH_20000925,-0.45049999999999996,-0.21621714285714266,-0.2342828571428573
AVEO_20210310,14.089919999999998,0.35171515151515154,13.738204848484845
AKBA_20240327,-3.49065,0.3171323529411765,-3.8077823529411763
BAX_20221215,-1.4058749999999998,-0.025514705882352894,-1.380360294117647
RDUS_20170428,-0.31799999999999995,-0.2585714285714287,-0.059428571428571254
AMGN_20240528,-0.5192333333333333,0.31828000000000006,-0.8375133333333333
NVS_20061215,0.1501333333333333,0.030085714285714247,0.12004761904761906
TEVA_20230511,-2.9173750000000003,-0.0965617647058823,-2.820813235294118
MMM_20060929,-0.14736666666666667,0.15482857142857143,-0.30219523809523813
GSK_20180720,0.6011333333333334,0.07433529411764705,0.5267980392156862
JNJ_20080118,-0.7204666666666667,-0.01957878787878788,-0.7008878787878788
LNC_20240105,1.0465333333333333,0.3306823529411764,0.7158509803921569
SPRY_20240809,3.7365000000000004,0.719255882352941,3.0172441176470595
GSK_20090529,-0.05793333333333333,0.33083428571428575,-0.38876761904761903
HZNP_20200121,-1.1135,0.529353125,-1.642853125
NVS_20191115,0.2803333333333333,0.032919444444444446,0.2474138888888889
AZN_20171114,0.460875,0.15867777777777778,0.3021972222222222
MRK_20061016,0.9787333333333333,0.05346285714285711,0.9252704761904762
SLXP_20070810,-0.5437333333333333,-0.40566,-0.13807333333333327
ARDX_20231017,2.4819500000000003,0.4574600000000001,2.02449
NVO_20161121,-0.8808666666666668,-0.8184138888888892,-0.06245277777777759
INCY_20230322,-0.9303200000000001,-0.41559999999999997,-0.5147200000000001
PX_20051025,0.7716500000000002,-0.11641714285714282,0.8880671428571429
AMLX_20220929,0.05682499999999993,0.7091441176470588,-0.6523191176470589
EBS_20210604,1.4386,-0.9061083333333331,2.344708333333333
BXRX_20200220,2.980275,1.62060625,1.35966875
AZN_20180518,0.08370000000000001,0.11641142857142857,-0.032711428571428565
AGIO_20220217,-0.6219499999999999,-0.4574757575757576,-0.16447424242424236
GKOS_20160415,2.9787,0.38936764705882365,2.589332352941176
TEVA_20180907,-1.7815999999999999,-0.08236944444444451,-1.6992305555555551
AMGN_20100601,2.5760666666666663,-0.41301714285714286,2.9890838095238093
MRK_20011121,0.4010999999999999,-0.03500857142857141,0.4361085714285713
GSK_20170918,-0.048499999999999995,-0.11845428571428569,0.06995428571428569
BMY_20050329,0.7195250000000001,0.04469714285714287,0.6748278571428573
PFE_20180927,0.08024999999999999,0.35968235294117645,-0.27943235294117647
ABLE_20010626,8.674475,1.7402485714285705,6.934226428571429
GILD_20030702,0.7872999999999998,0.4227382352941178,0.364561764705882
JNJ_20111216,0.4941999999999999,-0.02530571428571429,0.5195057142857142
BAX_20220125,-0.4798750000000001,0.30182857142857145,-0.7817035714285716
MRK_20240830,0.5554666666666666,-0.2032142857142858,0.7586809523809523
ANIP_20240729,1.2873666666666668,-0.054755882352941154,1.3421225490196078
DCTH_20230814,25.29316666666667,-1.3955823529411766,26.688749019607847
SNY_20040416,0.5577000000000001,-0.17634000000000005,0.7340400000000002
LLY_20101104,0.48242499999999994,0.06708823529411753,0.4153367647058824
ARDX_20190912,-0.9175500000000003,0.9714457142857144,-1.8889957142857148
ESPR_20200221,-4.058633333333334,0.6661121212121212,-4.724745454545455
VRCA_20230721,1.8419333333333332,0.5681545454545455,1.2737787878787878
HROW_20230530,-0.9477666666666664,0.10578285714285707,-1.0535495238095236
AMRX_20200424,0.7501000000000001,-0.3653314285714288,1.1154314285714289
CEPH_20081031,1.6495666666666668,-0.14201999999999998,1.7915866666666669
CEPH_20070615,0.7901666666666666,0.2961857142857142,0.49398095238095235
MYL_20060216,0.59965,0.086865625,0.512784375
KPTI_20190703,11.27425,0.9500235294117648,10.324226470588236
NVS_20091026,-0.1679666666666667,0.33849999999999997,-0.5064666666666667
AZN_20030505,-0.6382,0.4876171428571427,-1.1258171428571426
TAK_20240418,0.11465,-0.1422181818181818,0.25686818181818183
JD_20191004,0.9452333333333334,0.2743600000000001,0.6708733333333333
TEVA_20170403,-0.16576666666666667,-0.1128742857142857,-0.05289238095238097
SNY_20040407,-0.50355,-0.3380705882352941,-0.16547941176470585
ALNY_20191120,3.14978,0.23241142857142846,2.9173685714285713
GSK_20210817,0.22050000000000003,-0.0068828571428571576,0.2273828571428572
PCRX_20171006,-0.7876000000000001,0.03424,-0.8218400000000001
AQST_20191122,5.742033333333333,2.021580555555556,3.720452777777777
ABBV_20190816,-0.2797666666666667,-0.4408542857142858,0.1610876190476191
JAZZ_20180625,-0.7493,0.4017314285714286,-1.1510314285714287
WYE_20071114,1.20004,0.08170571428571434,1.1183342857142855
SLXP_20081031,8.0638,0.4822800000000001,7.58152
PFE_20200610,-1.2229800000000002,0.26708823529411774,-1.490068235294118
ESPR_20200226,-3.8945,0.5702606060606061,-4.464760606060606
MYL_20190814,-0.87822,0.49054999999999993,-1.36877
MDGL_20240314,1.2807750000000002,0.3507151515151516,0.9300598484848486
SUPG_20021114,3.123825,0.15429142857142814,2.9695335714285718
PFE_20170901,0.4579,-0.042025714285714284,0.4999257142857143
HZNP_20200214,-0.3373,0.13960303030303026,-0.4769030303030303
SERV_20240806,-0.69185,7.375144117647059,-8.066994117647058
ATHN_20090814,-0.01006666666666679,0.27227714285714294,-0.2823438095238097
WYE_20070522,0.7973250000000001,0.2865285714285714,0.5107964285714287
PFE_20180724,0.5530250000000001,0.1329088235294118,0.4201161764705882
GILD_20161110,0.8525499999999998,-0.13228571428571428,0.9848357142857141
GMAB_20230519,0.0866,0.35064571428571445,-0.26404571428571444
RARE_20200630,3.0600250000000004,0.8157571428571428,2.2442678571428574
HGSI_20110309,1.9366200000000007,-0.00917575757575758,1.9457957575757583
JNJ_20210521,0.10023333333333331,0.18098857142857144,-0.08075523809523812
LLY_20231026,-0.6968,0.2952264705882353,-0.9920264705882355
LLY_20031224,-1.118075,0.2778088235294118,-1.3958838235294118
MRK_20010126,1.1312666666666666,-0.25457575757575757,1.3858424242424243
LLY_20240913,0.8346666666666667,0.08048285714285713,0.7541838095238096
ZVRA_20240920,2.303166666666667,0.7143470588235296,1.5888196078431374
TEVA_20190819,5.142600000000001,-0.2730971428571428,5.415697142857144
PFE_20000418,2.5722,0.43344571428571427,2.1387542857142856
GENZ_20030424,3.589899999999999,0.2780914285714286,3.3118085714285703
MYL_20070511,0.5034333333333333,0.3011142857142857,0.20231904761904762
SNY_20170522,-0.10809999999999999,0.32470285714285724,-0.4328028571428572
MRK_20180830,-0.14475,0.3839823529411765,-0.5287323529411765
BMRN_20180524,0.8943,0.36240294117647065,0.5318970588235293
AZN_20230717,0.08693333333333336,-0.3814484848484848,0.46838181818181823
NOVN_20220322,0.14627499999999996,0.3971085714285715,-0.25083357142857154
BHC_20191218,-0.63464,0.7640823529411763,-1.3987223529411763
HSP_20111201,-2.7355750000000003,-0.4166685714285714,-2.3189064285714287
NVS_20190524,2.0413666666666668,-0.04385142857142864,2.0852180952380954
GILD_20160628,0.944725,-0.42129714285714287,1.3660221428571429
JNJ_20010228,0.75762,-0.29469393939393956,1.0523139393939396
BPMC_20200109,0.305225,0.36983939393939397,-0.06461439393939394
SNY_20050131,-0.2243666666666667,-0.06232058823529411,-0.1620460784313726
CBST_20030912,-2.1146666666666665,0.3961885714285715,-2.510855238095238
FRX_20040729,1.04145,-0.5711387096774193,1.6125887096774192
PFE_20060217,0.41700000000000004,0.33883939393939383,0.07816060606060617
AZN_20081205,1.5609333333333335,-0.3171083333333333,1.8780416666666668
LLY_20160322,0.06940000000000004,-0.21224857142857148,0.2816485714285715
MRK_20171108,-0.20236000000000004,-0.25407428571428575,0.051714285714285706
NBIX_20240430,0.7286999999999999,0.04469999999999997,0.6839999999999999
SNY_20171211,0.5225999999999998,-0.2412314285714285,0.7638314285714284
AMGN_20180517,0.24742499999999998,-0.3183294117647059,0.565754411764706
MRK_20210813,0.6748333333333333,0.023914285714285707,0.6509190476190476
ABBV_20240426,-1.9717000000000002,-0.24041428571428577,-1.7312857142857143
PFE_20220610,-2.5214666666666665,-0.03083235294117651,-2.4906343137254905
MRK_20030917,-0.45175999999999994,-0.3643647058823531,-0.08739529411764682
TAK_20231108,-0.45494,-0.27361142857142867,-0.18132857142857134
RVNC_20220907,7.534225,0.8114457142857143,6.722779285714285
SGP_20061020,-0.4399666666666666,0.28172857142857144,-0.7216952380952382
AMGN_20010917,-3.312866666666667,0.27995428571428566,-3.5928209523809524
BHC_20000628,0.9570600000000002,-0.07619999999999998,1.0332600000000003
BMY_20000731,1.9852666666666667,-0.19562857142857137,2.180895238095238
SLXP_20060316,-1.232325,-0.2547090909090909,-0.977615909090909
JNJ_20031029,0.0017000000000000348,0.05369999999999997,-0.05199999999999994
AMPH_20030523,1.784833333333333,0.31762285714285715,1.467210476190476
NVS_20081120,-1.2882,-0.11685714285714283,-1.171342857142857
SNY_20070516,0.6705,0.29142647058823534,0.37907352941176464
JNJ_20160923,0.24410000000000004,-0.1169885714285714,0.3610885714285714
PFE_20041230,0.3717000000000001,-0.29657058823529414,0.6682705882352942
NVS_20070620,-0.18209999999999998,-0.1393323529411765,-0.042767647058823494
IMCR_20220125,1.4860000000000002,-1.2383828571428572,2.7243828571428574
NVO_20011101,0.759175,-0.023136666666666663,0.7823116666666667
PFE_20161214,0.71328,-0.04978823529411763,0.7630682352941176
VNDA_20201201,1.4332749999999999,0.6732888888888888,0.759986111111111
AMGN_20040308,-1.1697666666666666,0.054132352941176486,-1.2238990196078432
ETON_20200929,-3.272725,1.273445714285714,-4.546170714285714
RYTM_20201125,8.422825,-0.04179999999999998,8.464625
TTPH_20180827,4.173666666666667,-0.46965142857142855,4.643318095238095
SMMT_20240419,-0.3727,-0.40014117647058817,0.027441176470588198
SERV_20180720,0.4391333333333333,0.17820294117647056,0.26093039215686276
CEPH_20060925,2.4427,-0.3699457142857141,2.8126457142857144
NVS_20220405,1.0478999999999998,0.13718000000000005,0.9107199999999998
BMY_20190816,0.3670333333333332,-0.09073142857142859,0.45776476190476184
BAX_20080805,0.542225,0.28606,0.25616500000000003
NVS_20080415,-0.63415,0.19379705882352943,-0.8279470588235295
MMT_20180914,0.00009999999999999881,0.09401714285714287,-0.09391714285714287
RDY_20211112,0.2059,-0.09530833333333338,0.30120833333333336
RMTI_20200327,-3.5373999999999994,-0.9878571428571425,-2.5495428571428573
PFE_20190311,0.9056666666666666,0.03551764705882352,0.8701490196078431
DAWN_20240423,-2.6872,-0.08649714285714293,-2.6007028571428568
PDLI_20070305,0.9275,-0.045923529411764745,0.9734235294117648
PFE_20190723,-0.05740000000000001,0.037794117647058846,-0.09519411764705886
SNY_20081218,2.363725,0.05339411764705887,2.3103308823529414
MRK_20161021,-0.4787666666666667,0.049742857142857116,-0.5285095238095238
CARA_20210823,1.4452666666666667,-0.10495714285714272,1.5502238095238094
JAZZ_20080414,2.9593,-1.0795676470588238,4.038867647058823
AZN_20020425,-0.7523249999999999,0.030464705882352956,-0.782789705882353
NVS_20101221,0.0348,-0.2083428571428572,0.24314285714285722
BMY_20220428,-0.2451,0.37605882352941183,-0.6211588235294118
SGP_20040901,-0.3375,0.11888529411764705,-0.4563852941176471
MRK_20030326,-0.39298,-0.1207529411764706,-0.2722270588235294
PFE_20231012,-0.8264250000000001,-0.2358235294117648,-0.5906014705882353
GSK_20170720,0.23665,-0.092,0.32865000000000005
LJPC_20171221,5.8789750000000005,-0.6552882352941176,6.534263235294118
SAGE_20190319,-0.009124999999999932,0.3339235294117646,-0.34304852941176456
ABBV_20220616,-0.20180000000000003,-0.2762294117647059,0.07442941176470587
MMM_20180808,-0.5163800000000001,0.016158823529411767,-0.5325388235294117
SLXP_20040615,2.223775,-0.2539714285714286,2.477746428571429
LLY_20040903,0.7979999999999999,-0.1860114285714286,0.9840114285714286
EYEN_20230505,-6.1859,1.3222857142857138,-7.508185714285713
NVS_20100420,-0.5698,0.015205714285714296,-0.5850057142857144
IMCL_20040212,4.129300000000001,0.0600375,4.069262500000001
BMY_20001031,1.0238500000000001,0.41870000000000007,0.6051500000000001
HROW_20210623,4.58142,0.22024999999999983,4.3611699999999995
NVS_20170504,0.267025,-0.09691470588235294,0.3639397058823529
ABBV_20200529,0.7277333333333333,0.7240314285714284,0.0037019047619049443
ALKS_20210528,1.6477,0.3662857142857143,1.2814142857142856
AZN_20000808,-0.8904500000000001,0.24889428571428568,-1.1393442857142857
MYL_20081015,3.3447999999999998,-0.7985264705882353,4.143326470588235
MYL_20070612,-0.45422499999999993,-0.23825142857142856,-0.21597357142857138
HROW_20220927,10.2996,0.8960800000000001,9.40352
TEVA_20170830,-0.37160000000000004,-1.755385294117647,1.3837852941176472
EOLS_20190201,6.765300000000001,0.30413437500000023,6.461165625
AZN_20080227,-1.0648,-0.1981242424242424,-0.8666757575757575
ABBV_20190423,0.566175,0.11251388888888884,0.4536611111111112
RDHL_20181116,-5.3796333333333335,0.04301666666666665,-5.42265
LLY_20180927,0.404975,0.28555294117647056,0.1194220588235294
SNY_20020809,2.0848666666666666,0.049142105263158035,2.0357245614035087
TEVA_20081024,-1.9415333333333336,-0.28486285714285725,-1.6566704761904762
GSK_20190606,0.48884999999999995,-0.06147941176470592,0.5503294117647058
JNJ_20111104,0.38939999999999997,0.03699428571428572,0.35240571428571427
BMY_20001220,0.07559999999999997,0.36445588235294113,-0.2888558823529412
IMGN_20221114,-0.6550999999999997,0.34510833333333346,-1.0002083333333331
MYL_20090313,2.4965666666666664,0.29538823529411773,2.2011784313725484
MYL_20011207,0.048299999999999996,-0.00026571428571429864,0.04856571428571429
GILD_20110810,-0.07949999999999988,0.15911176470588234,-0.23861176470588225
FMS_20110418,0.41730000000000006,0.26892000000000005,0.14837999999999998
PRVB_20221117,-3.2348250000000003,1.375977142857143,-4.6108021428571435
AMGN_20231031,0.49699999999999994,0.24948571428571437,0.24751428571428558
CHRS_20181102,1.5846666666666664,-1.4239257142857147,3.008592380952381
BMY_20030624,-0.5475749999999999,0.2844000000000001,-0.8319750000000001
SGP_20020208,0.005766666666666536,-0.43887187500000013,0.4446385416666666
CEPH_20080320,2.6496333333333335,-0.4396757575757574,3.089309090909091
PRGO_20220317,0.4784,-0.16100909090909096,0.639409090909091
MRK_20070330,0.4013,-0.13281428571428572,0.5341142857142857
EBS_20080123,-0.5876250000000002,1.4060575757575757,-1.9936825757575758
NVS_20231006,1.0113666666666667,0.005105714285714277,1.0062609523809525
PFE_20100104,0.7734666666666669,0.2774314285714286,0.4960352380952382
NVO_20200116,1.0049249999999998,-0.0004937500000000276,1.0054187499999998
ALC_20201026,-2.1315,0.15944285714285708,-2.290942857142857
AVDL_20230501,10.6981,0.20538857142857145,10.492711428571427
TPH_20181220,-1.322075,0.2969939393939394,-1.6190689393939393
VNDA_20210318,-0.3919000000000001,0.9597333333333331,-1.3516333333333332
NVS_20191007,-0.09476666666666664,-0.05714000000000001,-0.03762666666666663
NVO_20051019,-0.63566,-0.1332117647058823,-0.5024482352941176
MYOV_20210526,0.41044000000000014,0.05368235294117644,0.3567576470588237
RMTI_20160425,2.8749666666666664,0.23194857142857153,2.643018095238095
VRTX_20230426,0.6053000000000001,0.44631764705882343,0.1589823529411766
BAX_20240214,0.84476,0.030328124999999952,0.814431875
AZN_20171020,-0.1533,0.492502857142857,-0.645802857142857
LLY_20070913,0.3032,0.053620000000000015,0.24958
AXSM_20220818,7.40205,2.355233333333334,5.0468166666666665
PFE_20030117,-0.8985,-0.08570000000000003,-0.8128
LLY_20240702,-0.26476666666666665,0.47498529411764706,-0.7397519607843137
GTHX_20210212,0.4753000000000003,1.1541181818181818,-0.6788181818181815
AMGN_20170914,0.1402,0.050374285714285684,0.08982571428571431
TEVA_20030905,-0.1465666666666667,-0.011877777777777803,-0.1346888888888889
NVS_20010718,0.7922800000000001,-0.5230121212121212,1.3152921212121214
GSK_20040514,0.3627,0.16697428571428571,0.19572571428571434
VRTY_20000615,1.3611749999999998,1.5977515151515151,-0.23657651515151534
AMGN_20201217,-0.10095,-0.0517088235294118,-0.0492411764705882
TEVA_20061219,-0.5704750000000001,-0.08106571428571427,-0.48940928571428577
BAX_20061025,0.15764,0.18475882352941175,-0.027118823529411765
NVS_20090430,0.9584249999999999,0.03949705882352942,0.9189279411764706
LLY_20101123,-0.26820000000000005,-0.043491666666666644,-0.2247083333333334
RDY_20160127,1.1202800000000002,-0.7515900000000001,1.8718700000000001
DNA_20060630,1.6523666666666665,-0.04114000000000004,1.6935066666666665
XELA_20190416,-1.9528500000000004,-0.28034285714285706,-1.6725071428571432
PFE_20180515,0.149025,-0.1319142857142857,0.2809392857142857
NVO_20080826,0.12160000000000001,-0.2589542857142858,0.38055428571428584
GSK_20230426,-0.36618000000000006,0.2672382352941176,-0.6334182352941177
LIN_20220426,0.46455,0.3536085714285715,0.11094142857142851
CPRX_20181128,-2.68964,-0.5131971428571431,-2.1764428571428565
NVS_20090407,-0.3809,-0.2105085714285714,-0.17039142857142864
LLY_20080613,0.2754333333333333,-0.21026285714285708,0.4856961904761904
AMGN_20190613,0.07250000000000001,-0.3856181818181817,0.45811818181818165
GILD_20020920,1.6736,0.1661764705882352,1.5074235294117648
LLY_20200508,-0.9270999999999999,0.4808142857142858,-1.4079142857142857
MRK_20080125,-2.3625,0.13203823529411762,-2.494538235294117
NVS_20170313,-0.01156666666666667,0.19309117647058818,-0.20465784313725485
AAPL_20040820,-0.0445666666666667,-0.19914857142857142,0.15458190476190473
PFE_20081031,-0.15923333333333334,-0.20895428571428573,0.04972095238095239
UROV_20201223,-0.04655,2.790226470588236,-2.836776470588236
REGN_20180928,1.1974666666666667,0.16165142857142856,1.0358152380952381
MRK_20210119,-0.8859,0.12625454545454548,-1.0121545454545455
EXEL_20160425,1.178,0.45025142857142864,0.7277485714285712
ARQT_20231215,6.106566666666667,-1.3310771428571437,7.43764380952381
MRK_20171219,0.160525,-0.3773857142857144,0.5379107142857144
AZN_20230110,-0.250725,0.1259705882352941,-0.3766955882352941
BAX_20190620,1.112125,0.13894705882352942,0.9731779411764707
NVS_20090916,0.26236000000000004,0.25636857142857133,0.005991428571428675
PCRX_20111028,0.19140000000000001,0.37384857142857125,-0.1824485714285712
MRK_20180222,-0.6307000000000001,-0.07100937499999999,-0.5596906250000001
GENZ_20110406,0.06322,0.10269117647058823,-0.03947117647058823
GBT_20211217,7.2636,-0.14072000000000018,7.40432
FRX_20020829,-0.53915,0.04694117647058828,-0.5860911764705884
ABBV_20180723,1.5569333333333333,-0.24871176470588235,1.8056450980392158
GSK_20170327,0.3322333333333333,0.2799142857142858,0.05231904761904757
ABT_20021220,-1.9004999999999999,-0.13788285714285714,-1.7626171428571424
BAX_20230627,-0.184275,-0.053985714285714345,-0.13028928571428566
BDX_20000714,-2.7393,0.19600285714285715,-2.935302857142857
SNY_20050902,-0.185,0.17450571428571432,-0.3595057142857143
NVO_20230929,-0.3093666666666666,0.5429657142857142,-0.8523323809523808
TEVA_20230428,1.9992333333333334,-0.40371714285714294,2.402950476190476
AZN_20211217,0.941,-0.22499714285714287,1.1659971428571427
XFOR_20240426,-1.4759333333333338,1.0291942857142855,-2.5051276190476193
PHAT_20220503,0.43355000000000027,-0.6945457142857141,1.1280957142857144
DNA_20000602,1.4582,-0.8500085714285717,2.3082085714285716
BIIB_20160527,1.1930333333333332,0.14097222222222225,1.0520611111111111
LLY_20161019,-0.25754,0.11540588235294119,-0.3729458823529412
LLY_20200615,3.9959999999999996,0.018879999999999963,3.9771199999999993
XERS_20211230,5.375624999999999,0.8334529411764706,4.542172058823529
URGN_20200415,2.6479399999999997,-0.9017735294117651,3.5497135294117648
BGNE_20191114,0.84605,1.1640742857142858,-0.318024285714286
REGN_20210211,-0.4710000000000001,0.17060624999999996,-0.6416062499999999
ALNY_20180810,1.2428333333333335,-0.0666257142857143,1.3094590476190477
FENC_20220920,5.3584,-0.1701057142857144,5.528505714285714
JNJ_20010622,-0.5564333333333333,0.2891942857142856,-0.8456276190476189
NVS_20170518,-0.04727500000000001,0.09010882352941176,-0.13738382352941175
JNJ_20010815,-0.37627999999999995,0.09817352941176467,-0.4744535294117646
SGP_20010119,-0.7218333333333333,0.06483636363636361,-0.786669696969697
GSK_20110610,-0.9890000000000001,0.2925558823529411,-1.2815558823529412
IMMU_20200422,7.378259999999999,1.5581323529411768,5.820127647058822
LLY_20040803,-0.9063,-0.5116969696969698,-0.3946030303030303
NVO_20000411,-1.2584250000000001,0.01931428571428571,-1.277739285714286
PFE_20200925,-0.18180000000000002,-0.014737142857142865,-0.16706285714285715
BAX_20171221,-0.277575,0.03289705882352944,-0.3104720588235294
AAPL_20101021,-0.831925,0.4925470588235296,-1.3244720588235295
VRTX_20180212,0.9347333333333332,0.5484757575757576,0.38625757575757563
FOLD_20230928,0.5450250000000001,-0.07207647058823527,0.6171014705882354
NVS_20010525,-0.10596666666666667,0.2202857142857143,-0.32625238095238096
PFE_20191101,0.15760000000000002,0.07670285714285718,0.08089714285714283
PFE_20230522,1.711233333333333,-0.14428857142857143,1.8555219047619045
PFE_20181121,-0.2066,0.04832285714285715,-0.2549228571428572
LLY_20231108,1.0815199999999998,-0.11419999999999998,1.1957199999999997
OTTR_20181101,-0.69555,-0.07377941176470589,-0.6217705882352941
BMY_20170801,0.12032500000000002,0.08603714285714287,0.034287857142857134
ARGX_20211217,1.008,-0.11931428571428572,1.127314285714286
AZN_20070517,0.472375,-0.0865176470588235,0.5588926470588235
MRK_20111221,0.8949799999999999,0.2124764705882353,0.6825035294117646
JNJ_20190305,-0.01927500000000002,0.24888235294117647,-0.2681573529411765
AZN_20050331,-0.09392500000000004,0.29990588235294113,-0.3938308823529411
NVO_20210604,0.7390333333333333,0.5292861111111111,0.2097472222222222
PFE_20041217,-1.7309,-0.10404857142857149,-1.6268514285714286
AZN_20210730,-0.12139999999999998,-0.007688235294117662,-0.11371176470588232
JNJ_20100903,1.1074333333333333,-0.004971428571428585,1.1124047619047621
MYL_20200519,1.4434999999999998,0.52594,0.9175599999999999
APG_20210325,0.3266,0.31710294117647064,0.009497058823529358
RIGL_20180417,0.9153,-0.397305882352941,1.3126058823529412
LLY_20040819,0.5623,-0.5429823529411766,1.1052823529411766
GILD_20100222,-0.8763333333333333,0.26748484848484855,-1.1438181818181818
BMY_20020201,-0.4531333333333333,-0.33454375,-0.11858958333333326
CPRX_20160429,2.627066666666667,0.5220428571428574,2.1050238095238094
GSK_20010419,-0.6070249999999999,-0.13740000000000008,-0.4696249999999999
WYE_20030604,1.9091999999999998,0.2842970588235295,1.6249029411764704
PFE_20171011,0.16092000000000004,0.21305882352941177,-0.05213882352941173
MYL_20180209,-1.3944999999999999,0.535390909090909,-1.9298909090909089
ALKS_20060413,1.199733333333333,-0.047414705882352914,1.2471480392156862
OGN_20211207,-0.1293,-0.10863714285714288,-0.020662857142857108
SNY_20160727,0.1516,0.04794242424242426,0.10365757575757574
NVS_20091019,0.3957333333333334,0.29760571428571425,0.09812761904761909
SLXP_20090904,1.5984000000000003,0.8095638888888889,0.7888361111111113
KDMN_20210716,5.586500000000001,0.17472941176470594,5.411770588235294
NVO_20171205,-0.211875,0.1942971428571429,-0.4061721428571429
MYL_20180322,-1.1855499999999999,-0.25980000000000003,-0.9257499999999999
JNJ_20110701,0.6987333333333334,0.06191714285714287,0.6368161904761905
ABBV_20160722,0.25796666666666673,0.23354411764705893,0.0244225490196078
BLCO_20240419,1.3367666666666667,0.44974705882352956,0.8870196078431372
ARGX_20230620,0.05319999999999999,0.08700571428571428,-0.033805714285714286
BAX_20021220,-1.4208333333333332,0.4387742857142858,-1.859607619047619
TEVA_20160323,0.10077500000000006,-0.17099705882352953,0.27177205882352956
